T_in,pres_in,qv_in,qc_in,L,Cp,T_out,qv_out,qc_out,delta T,delta qv,delta qc
238.4993855559211,18012.372248588308,1.3040122017264541e-07,1e-12,2500000.0,1004.5,238.4993855534323,1.3040222017264541e-07,0.0,2.4888038296921877e-09,-1.000000000001134e-12,1e-12
228.26031918380554,36986.45129023874,1.3662866489832185e-06,1.042404007021558e-12,2500000.0,1004.5,228.2603191812112,1.3662876913872254e-06,0.0,2.594333636807278e-09,-1.0424040069437115e-12,1.042404007021558e-12
212.31370980059643,20464.60458941104,4.921594978223939e-07,1.0866061138545958e-12,2500000.0,1004.5,212.31370979789207,4.921605844285077e-07,0.0,2.7043540740123717e-09,-1.0866061138232173e-12,1.0866061138545958e-12
263.98937491738855,69140.37879778883,2.6033982901779406e-05,1.1326825671361537e-12,2500000.0,1004.5,263.9893749145695,2.6033984034461974e-05,0.0,2.819035671564052e-09,-1.1326825673956594e-12,1.1326825671361537e-12
297.82996145477534,1349.8667187354688,0.017805840294280124,1.1807128466661915e-12,2500000.0,1004.5,305.67934878592905,0.014651956464622553,0.003153883830838284,-7.849387331153707,0.0031538838296575715,-0.0031538838296575715
206.36810129540874,64969.760533335946,5.4755559907868765e-08,1.2307798025066632e-12,2500000.0,1004.5,206.36810129234556,5.475679068767127e-08,0.0,3.0631781555712223e-09,-1.2307798025079046e-12,1.2307798025066632e-12
302.94989022262234,82982.1440169997,0.0002794616240655852,1.2829697978941474e-12,2500000.0,1004.5,302.9498902194293,0.000279461625348555,0.0,3.1930653676681686e-09,-1.28296982412901e-12,1.2829697978941474e-12
304.2839161918572,55322.86549719475,0.0005898473685450026,1.3373728582124977e-12,2500000.0,1004.5,304.4844457570606,0.0005092745892462771,8.057278063609834e-05,-0.2005295652033965,8.057277929872549e-05,-8.057277929872549e-05
220.55248873615722,55043.95507838623,5.138025844605743e-07,1.3940828262825757e-12,2500000.0,1004.5,220.55248873268764,5.138039785434005e-07,0.0,3.4695801787165692e-09,-1.3940828262442429e-12,1.3940828262825757e-12
264.84768530983126,52525.52951192573,1.7772903142828453e-05,1.4531975242368953e-12,2500000.0,1004.5,264.84768530621454,1.7772904596025977e-05,0.0,3.6167193684377708e-09,-1.4531975239308065e-12,1.4531975242368953e-12
197.2294416050159,99846.50036171623,7.341858736325664e-09,1.5148189222583472e-12,2500000.0,1004.5,197.2294416012458,7.3433735552479224e-09,0.0,3.770082912524231e-09,-1.514818922258412e-12,1.5148189222583472e-12
289.85762651387586,76318.72947318728,0.00011339695257588187,1.5790533144741727e-12,2500000.0,1004.5,289.85762650994593,0.00011339695415493518,0.0,3.929926606360823e-09,-1.5790533079229965e-12,1.5790533144741727e-12
227.97639197042545,79250.46148774993,1.2712976166958702e-06,1.6460115023085496e-12,2500000.0,1004.5,227.97740038280253,8.661175235870976e-07,4.0518173912027496e-07,-0.001008412377075274,4.0518009310877263e-07,-4.0518009310877263e-07
204.72683558122975,20826.240832829797,2.6530324893778215e-07,1.7158089856100066e-12,2500000.0,1004.5,204.72704784665171,1.8001500239531962e-07,8.528996235144814e-08,-0.0002122654219647302,8.528824654246254e-08,-8.528824654246254e-08
190.35494359212208,74444.95499903944,4.021925291091568e-09,1.7885661618834654e-12,2500000.0,1004.5,190.3549435876707,4.023713857253452e-09,0.0,4.451379709280445e-09,-1.7885661618834985e-12,1.7885661618834654e-12
221.8493418833608,34232.4386983404,1.0807689503671296e-06,1.864408533970485e-12,2500000.0,1004.5,221.84950859002754,1.0137862116774572e-06,6.698460309820642e-08,-0.00016670666673235246,6.698273868967245e-08,-6.698273868967245e-08
237.91751912241824,59187.90490238444,2.184461905455467e-06,1.943466926536022e-12,2500000.0,1004.5,237.91751911758135,2.1844638489223936e-06,0.0,4.836891775994445e-09,-1.943466926442977e-12,1.943466926536022e-12
205.9110688138939,69317.05125892643,3.993467447363744e-08,2.0258777117350212e-12,2500000.0,1004.5,205.9110688088519,3.993670035134917e-08,0.0,5.042011252953671e-09,-2.0258777117331435e-12,2.0258777117350212e-12
209.98056482295823,48548.2147638859,3.813507272760146e-08,2.1117830444482423e-12,2500000.0,1004.5,209.98056481770243,3.813718451064591e-08,0.0,5.25579935128917e-09,-2.111783044446697e-12,2.1117830444482423e-12
312.58175165439616,88533.43671846202,0.0006252541095101698,2.2013311074930322e-12,2500000.0,1004.5,312.88573312689925,0.0005031143538584149,0.00012213975785308598,-0.3039814725030965,0.00012213975565175488,-0.00012213975565175488
231.17429214025583,13263.510927046376,6.671445667541791e-06,2.294676367231941e-12,2500000.0,1004.5,231.17429213454483,6.671447962218158e-06,0.0,5.7110014495265204e-09,-2.2946763668827102e-12,2.294676367231941e-12
263.77370173512503,39318.11355514762,5.164804620545448e-06,2.391979840020237e-12,2500000.0,1004.5,263.7737017291719,5.164807012525288e-06,0.0,5.953154413873563e-09,-2.391979839975458e-12,2.391979840020237e-12
247.13714939723727,82288.66890946316,3.3349964656196555e-06,2.4934093699518803e-12,2500000.0,1004.5,247.13714939103167,3.3349989590290253e-06,0.0,6.205596037034411e-09,-2.4934093697964754e-12,2.4934093699518803e-12
258.09204198976795,54024.203184385144,2.5318662547143404e-05,2.599139918382938e-12,2500000.0,1004.5,258.1005163717885,2.1913655851279527e-05,3.405009295003795e-06,-0.00847438202055173,3.405006695863877e-06,-3.405006695863877e-06
230.99738530803708,69116.61630655332,1.1395057503202837e-06,2.709353865732049e-12,2500000.0,1004.5,230.99738530129403,1.1395084596741494e-06,0.0,6.743050562363351e-09,-2.70935386578153e-12,2.709353865732049e-12
312.3788697956752,75663.34796462212,0.0004592011962910125,2.8242413260784356e-12,2500000.0,1004.5,312.3788697886462,0.0004592011991152538,0.0,7.028972959233215e-09,-2.824241329083682e-12,2.8242413260784356e-12
254.45222204831305,95411.00860020338,1.2961744270967634e-05,2.94400047510004e-12,2500000.0,1004.5,254.46172052053421,9.14525813249896e-06,3.8164890824691485e-06,-0.00949847222116773,3.816486138468674e-06,-3.816486138468674e-06
270.41602092611555,18739.70226319561,1.6459609264001252e-05,3.0688378919176393e-12,2500000.0,1004.5,270.41602091847784,1.6459612332839144e-05,0.0,7.637709131813608e-09,-3.0688378914618935e-12,3.0688378919176393e-12
301.8475322083642,51438.066861002386,0.00040535271998910956,3.1989689154345378e-12,2500000.0,1004.5,301.8475322004026,0.0004053527231880785,0.0,7.961602932482492e-09,-3.198968921789419e-12,3.1989689154345378e-12
206.71623807469544,71347.47394808933,6.547028270861499e-08,3.3346180157863694e-12,2500000.0,1004.5,206.71623806639624,6.547361732663078e-08,0.0,8.299195997096831e-09,-3.3346180157894754e-12,3.3346180157863694e-12
304.6783475589761,46515.94515191736,0.00021369298723838135,3.476019181541974e-12,2500000.0,1004.5,304.678347550325,0.00021369299071440052,0.0,8.651113603264093e-09,-3.476019168682787e-12,3.476019181541974e-12
247.83805927455896,2115.0458394230827,0.00032588111368880385,3.62341632332315e-12,2500000.0,1004.5,248.07405268725248,0.00023105896046854958,9.482215684367059e-05,-0.23599341269351726,9.482215322025427e-05,-9.482215322025427e-05
253.66562848059914,85149.83034907257,1.137386304556384e-06,3.777063694539372e-12,2500000.0,1004.5,253.66562847119877,1.1373900816200785e-06,0.0,9.400366707268404e-09,-3.7770636945909304e-12,3.777063694539372e-12
211.90838026351574,32090.49359656538,4.346998946803922e-07,3.937226329963475e-12,2500000.0,1004.5,211.90867109454888,3.1784398556952134e-07,1.1685984633720084e-07,-0.0002908310331406483,1.1685590911087088e-07,-1.1685590911087088e-07
224.19792305893804,15110.193615289585,1.984431659046875e-06,4.104180502904709e-12,2500000.0,1004.5,224.19792304872357,1.9844357632273778e-06,0.0,1.0214478152192896e-08,-4.1041805027852176e-12,4.104180502904709e-12
192.95145568220477,63661.270217224876,3.558184180302658e-10,4.278214201767621e-12,2500000.0,1004.5,192.95145567155714,3.600966322320334e-10,0.0,1.0647625003912253e-08,-4.278214201767627e-12,4.278214201767621e-12
190.74871617967477,69221.57931017742,9.76544820977753e-10,4.459627626819086e-12,2500000.0,1004.5,190.74871616857564,9.81004448604572e-10,0.0,1.1099132279923651e-08,-4.459627626819039e-12,4.459627626819086e-12
197.4482497979039,62955.043793326164,3.030147429606516e-08,4.648733708020257e-12,2500000.0,1004.5,197.44826173130443,2.5506633971548323e-08,4.799489058224858e-09,-1.1933400514863024e-05,4.794840324516837e-09,-4.794840324516837e-09
233.2554818889837,88918.50563812035,8.54043901584942e-07,4.8458586448165e-12,2500000.0,1004.5,233.2554818769233,8.540487474435868e-07,0.0,1.2060382914569345e-08,-4.8458586448153225e-12,4.8458586448165e-12
206.435635510021,86164.20257723621,5.231926033878978e-08,5.051342468816756e-12,2500000.0,1004.5,206.43563549744923,5.23243116812586e-08,0.0,1.2571774732350605e-08,-5.051342468819667e-12,5.051342468816756e-12
272.14140264731503,12655.733806497328,8.192693218049649e-05,5.2655396303327554e-12,2500000.0,1004.5,272.1414026342102,8.192693744603612e-05,0.0,1.3104852314427262e-08,-5.2655396319198355e-12,5.2655396303327554e-12
270.589281958474,2888.577558289375,0.00021858346129567056,5.4888196097896775e-12,2500000.0,1004.5,270.5892819448134,0.00021858346678449016,0.0,1.3660553577210521e-08,-5.488819603905251e-12,5.4888196097896775e-12
275.15408973275817,73203.47741849207,6.249692818192363e-05,5.72156755506324e-12,2500000.0,1004.5,275.1604176872577,5.995435606401286e-05,2.542577839478331e-06,-0.006327954499511179,2.542572117910776e-06,-2.542572117910776e-06
307.94872952491284,78593.92935845949,1.4082122943320382e-05,5.9641849458424595e-12,2500000.0,1004.5,307.94872951006914,1.4082128907505328e-05,0.0,1.484369249737938e-08,-5.964184946290934e-12,5.9641849458424595e-12
196.55548867256678,77045.86777677291,4.795757380808331e-09,6.217090286163833e-12,2500000.0,1004.5,196.5554886570937,4.801974471094495e-09,0.0,1.5473091252715676e-08,-6.2170902861640305e-12,6.217090286163833e-12
261.88250021833585,90251.99300180434,2.3061803322439183e-05,6.480719826311958e-12,2500000.0,1004.5,261.8954903586023,1.78423649633898e-05,5.2194448397692085e-06,-0.012990140266424532,5.219438359049382e-06,-5.219438359049382e-06
267.2311561681024,66382.69454044805,1.8523764886829366e-05,6.75552831533164e-12,2500000.0,1004.5,267.23115615128927,1.8523771642357682e-05,0.0,1.6813146430649795e-08,-6.755528316517703e-12,6.75552831533164e-12
246.39375986809029,36789.338649426296,1.534398643706574e-05,7.041989785449296e-12,2500000.0,1004.5,246.40296424580202,1.1645667472488365e-05,3.698326006567161e-06,-0.009204377711739653,3.6983189645773753e-06,-3.6983189645773753e-06
284.04587615518926,39704.770119341505,6.543870434960446e-05,7.340598369757196e-12,2500000.0,1004.5,284.04587613691996,6.543871169020283e-05,0.0,1.8269304291607114e-08,-7.340598371123261e-12,7.340598369757196e-12
259.1637539319236,78631.06209024723,2.161957254084625e-06,7.651869154570818e-12,2500000.0,1004.5,259.16375391287966,2.1619649059537793e-06,0.0,1.9043966403842205e-08,-7.651869154390968e-12,7.651869154570818e-12
217.11577317840522,33043.54704494664,6.02164611976977e-07,7.976339067929281e-12,2500000.0,1004.5,217.1157797960459,5.995056439491546e-07,2.6669443668903284e-09,-6.617640678996395e-06,2.658968027822399e-09,-2.658968027822399e-09
199.10925074117444,67402.75185908051,3.6923393061944598e-09,8.314567805772081e-12,2500000.0,1004.5,199.10925072048113,3.700653874000232e-09,0.0,2.069330662379798e-08,-8.314567805772146e-12,8.314567805772081e-12
310.4409264133634,52489.42997676505,4.771042628598278e-05,8.667138797389224e-12,2500000.0,1004.5,310.44092639179263,4.771043495312158e-05,0.0,2.1570770059042843e-08,-8.667138797564984e-12,8.667138797389224e-12
233.6658700626647,88594.17470105276,1.749479330951239e-06,9.034660211810534e-12,2500000.0,1004.5,233.66671649293087,1.409383650003735e-06,3.401047156077159e-07,-0.0008464302661650436,3.400956809475041e-07,-3.400956809475041e-07
191.32747492703925,45691.56428589287,3.725240613959736e-10,9.417766006869537e-12,2500000.0,1004.5,191.32747490360032,3.8194182740284314e-10,0.0,2.34389290199033e-08,-9.417766006869549e-12,9.417766006869537e-12
278.4830285019948,93343.36650198326,3.6146467793927004e-05,9.817117022752184e-12,2500000.0,1004.5,278.48302847756196,3.6146477611044026e-05,0.0,2.4432836198684527e-08,-9.817117022190187e-12,9.817117022752184e-12
227.64153714019818,59091.3294461839,1.087647740915954e-06,1.0233402121916423e-11,2500000.0,1004.5,227.6415371147293,1.087657974318076e-06,0.0,2.5468892772551044e-08,-1.023340212186026e-11,1.0233402121916423e-11
268.14762068971874,90432.29499672058,3.155185290595979e-05,1.0667339377348592e-11,2500000.0,1004.5,268.15400984691706,2.898468954367016e-05,2.567174029629006e-06,-0.006389157198327666,2.567163362289629e-06,-2.567163362289629e-06
295.47100475762164,71939.97657350986,4.4172962684357656e-05,1.1119677311206978e-11,2500000.0,1004.5,295.47100472994697,4.4172973804034965e-05,0.0,2.767467321973527e-08,-1.1119677308926365e-11,1.1119677311206978e-11
195.93257662762855,45771.41935278758,1.0277335555281423e-08,1.1591196185988857e-11,2500000.0,1004.5,195.93257659878037,1.0288926751467411e-08,0.0,2.884817718040722e-08,-1.1591196185988408e-11,1.1591196185988857e-11
217.31751569688788,9357.405288042453,1.7044146617814146e-06,1.2082709350447785e-11,2500000.0,1004.5,217.31751566681643,1.7044267444907651e-06,0.0,3.007144755429181e-08,-1.208270935048796e-11,1.2082709350447785e-11
202.64173854660356,99728.61268541399,1.9599115413383153e-09,1.2595064642583565e-11,2500000.0,1004.5,202.64173851525695,1.972506605980899e-09,0.0,3.1346615969596314e-08,-1.2595064642583505e-11,1.2595064642583565e-11
315.71813563233263,46516.96850936659,4.2786880945226665e-05,1.3129145852124653e-11,2500000.0,1004.5,315.7181355996568,4.278689407437252e-05,0.0,3.267581405452802e-08,-1.312914585534751e-11,1.3129145852124653e-11
317.0643334954565,8622.214855034968,0.004825603802033158,1.3685874245025205e-11,2500000.0,1004.5,317.06433346139505,0.004825603815719033,0.0,3.4061429232679075e-08,-1.3685874482305405e-11,1.3685874245025205e-11
263.10746900349216,72652.2321751115,1.4702972370307271e-05,1.4266210152607355e-11,2500000.0,1004.5,263.1074689679864,1.4702986636517424e-05,0.0,3.5505763662513345e-08,-1.4266210152978436e-11,1.4266210152607355e-11
316.038775205743,5976.399066038868,0.012113168717012629,1.487115462808954e-11,2500000.0,1004.5,323.6108806091214,0.009070696765935185,0.0030424719659485986,-7.57210540337843,0.003042471951077444,-0.003042471951077444
319.8713104112622,51235.20076776885,0.001386103112135426,1.550175117335772e-11,2500000.0,1004.5,320.1529016166285,0.0012729597658192322,0.000113143361817945,-0.28159120536633964,0.00011314334631619383,-0.00011314334631619383
269.39874246349046,86628.44459113975,1.6497046031576833e-05,1.615908753895916e-11,2500000.0,1004.5,269.39874242327375,1.6497062190664373e-05,0.0,4.021671884402167e-08,-1.6159087539861826e-11,1.615908753895916e-11
317.4191812043933,55411.78124641816,0.001166095366661877,1.684429760042315e-11,2500000.0,1004.5,317.7388360537427,0.001037658048193276,0.0001284373353128986,-0.31965484934943333,0.000128437318468601,-0.000128437318468601
291.24253823750394,75166.61729584089,7.680169164815186e-05,1.7558563314144707e-11,2500000.0,1004.5,291.2425381938042,7.680170920671518e-05,0.0,4.369974249129882e-08,-1.7558563313708163e-11,1.7558563314144707e-11
202.32209502023807,37233.45622846773,1.0397318379711468e-07,1.8303116756206167e-11,2500000.0,1004.5,202.32217332663947,7.250967171226268e-08,3.148181520160821e-08,-7.830640140582545e-05,3.1463512084852e-08,-3.1463512084852e-08
315.7629875910078,85649.31065538108,0.0005138449452584695,1.907924224765265e-11,2500000.0,1004.5,315.76298754352337,0.0005138449643377117,0.0,4.748443416247028e-08,-1.9079242200882585e-11,1.907924224765265e-11
270.2233947563205,2808.3667695166605,0.000815029775402699,1.988827856988812e-11,2500000.0,1004.5,270.22339470682255,0.0008150297952909775,0.0,4.949794174535782e-08,-1.988827852406061e-11,1.988827856988812e-11
320.54087145832636,82712.28661905613,0.00043177820790749505,2.0731621274012355e-11,2500000.0,1004.5,320.5408714067295,0.00043177822863911633,0.0,5.159688498679316e-08,-2.0731621280800638e-11,2.0731621274012355e-11
268.22390949442394,25672.345380452203,0.00011147704496430912,2.1610725088083764e-11,2500000.0,1004.5,268.24574455927484,0.00010270371590722015,8.773350667814057e-06,-0.021835064850904473,8.773329057088969e-06,-8.773329057088969e-06
224.72540736366773,97007.98530098246,2.506827545621729e-07,2.2527106426459826e-11,2500000.0,1004.5,224.72540730760227,2.5070528166859935e-07,0.0,5.6065459830278996e-08,-2.252710642643838e-11,2.2527106426459826e-11
280.8323845767061,16868.86267277066,0.00011085648050114007,2.348234600554281e-11,2500000.0,1004.5,280.8323845182632,0.00011085650398348607,0.0,5.844287898071343e-08,-2.348234600475438e-11,2.348234600554281e-11
263.56807832851933,11879.190374938153,0.00020212754708993986,2.4478091570444403e-11,2500000.0,1004.5,263.685441426564,0.00015497105429558843,4.7156517272443006e-05,-0.11736309804467737,4.7156492794351435e-05,-4.7156492794351435e-05
271.33733692540613,38358.16765586118,0.00012402232627313652,2.5516060737271864e-11,2500000.0,1004.5,271.43014075129565,8.673374903073179e-05,3.728860275846547e-05,-0.09280382588951852,3.728857724240473e-05,-3.728857724240473e-05
282.5448601816112,89446.65215479603,1.1475513783609979e-05,2.659804395593764e-11,2500000.0,1004.5,282.544860115414,1.1475540381653935e-05,0.0,6.619723080802942e-08,-2.6598043956061845e-11,2.659804395593764e-11
191.09532328911862,7952.880307042848,6.74300746963066e-08,2.7725907598604812e-11,2500000.0,1004.5,191.09532322011438,6.745780060390521e-08,0.0,6.900424409650441e-08,-2.7725907598609116e-11,2.7725907598604812e-11
287.9459471631564,92505.53115362574,2.2382051008557683e-06,2.8901597179095116e-11,2500000.0,1004.5,287.9459470912261,2.2382340024529474e-06,0.0,7.193028750407393e-08,-2.890159717910387e-11,2.8901597179095116e-11
256.1894387965417,68756.23105658373,1.1152260498348774e-05,3.01271407088117e-11,2500000.0,1004.5,256.18943872156126,1.1152290625489482e-05,0.0,7.498044851672603e-08,-3.012714070796678e-11,3.01271407088117e-11
271.36391935915077,41252.39656270725,3.447760860720924e-05,3.140465219496749e-11,2500000.0,1004.5,271.36391928099084,3.4477640011861435e-05,0.0,7.815992830728646e-08,-3.1404652194185444e-11,3.140465219496749e-11
298.3972000742399,48663.823390571015,8.891809404177726e-05,3.273633528715248e-11,2500000.0,1004.5,298.3971999927657,8.891812677811255e-05,0.0,8.147418384396587e-08,-3.273633528968686e-11,3.273633528715248e-11
319.9613432556265,86244.89273814629,5.175138905756756e-05,3.4124487078528966e-11,2500000.0,1004.5,319.9613431706975,5.175142318205464e-05,0.0,8.492901315548806e-08,-3.4124487076673225e-11,3.4124487078528966e-11
262.15060166301606,81553.67068834396,5.035194301080838e-07,3.5571502068213825e-11,2500000.0,1004.5,262.1506015744857,5.035550016101521e-07,0.0,8.853038480083342e-08,-3.5571502068264386e-11,3.5571502068213825e-11
219.17180214725346,34540.25235484113,3.7574543251505624e-07,3.707987629168172e-11,2500000.0,1004.5,219.17180205496905,3.757825123913479e-07,0.0,9.228440944752947e-08,-3.7079876291673134e-11,3.707987629168172e-11
213.5760559441824,42247.40719463443,2.812783682201027e-07,3.8652211626312694e-11,2500000.0,1004.5,213.57605584798475,2.8131702043172906e-07,0.0,9.619765251045465e-08,-3.8652211626337367e-11,3.8652211626312694e-11
205.06566028253482,94756.81110161678,1.7436065913017528e-08,4.029122027951344e-11,2500000.0,1004.5,205.06566018225803,1.747635713329704e-08,0.0,1.0027679309132509e-07,-4.029122027951315e-11,4.029122027951344e-11
319.9027448017108,67332.96287650823,0.001392538425841977,4.1999729467153064e-11,2500000.0,1004.5,320.95510609708805,0.0009696996573594095,0.0004228388104822969,-1.0523612953772385,0.00042283876848256744,-0.00042283876848256744
198.34145591479813,83014.4870116933,2.9475439773482143e-08,4.378068629038175e-11,2500000.0,1004.5,198.34147733124794,2.087031023927179e-08,8.648910220500735e-09,-2.1416449811795246e-05,8.605129534210354e-09,-8.605129534210354e-09
249.09435068880666,79937.52476247207,5.8535691988107634e-06,4.563716281924754e-11,2500000.0,1004.5,249.09435057522487,5.853614835973583e-06,0.0,1.1358179108356126e-07,-4.563716281948485e-11,4.563716281924754e-11
248.2192326906624,67434.63265605642,6.364586384188602e-06,4.757236139187889e-11,2500000.0,1004.5,248.2192325722643,6.364633956549994e-06,0.0,1.1839810554192809e-07,-4.757236139188507e-11,4.757236139187889e-11
285.39751469232465,33162.45207932289,5.9934286274357083e-05,4.958962013837222e-11,2500000.0,1004.5,285.397514568906,5.993433586397722e-05,0.0,1.234186584042618e-07,-4.958962013674453e-11,4.958962013837222e-11
191.4017864777166,83837.86956639528,8.73326721869365e-11,5.1692418738915935e-11,2500000.0,1004.5,191.40178634906448,1.3902509092585243e-10,0.0,1.2865211829193868e-07,-5.1692418738915935e-11,5.1692418738915935e-11
204.66653551524593,30822.518323893684,6.311222416768478e-08,5.3884384426082236e-11,2500000.0,1004.5,204.66653538113846,6.316610855211086e-08,0.0,1.3410746646513871e-07,-5.3884384426086184e-11,5.3884384426082236e-11
314.052776351435,92287.41426668623,0.0007363882165704317,5.616929824163815e-11,2500000.0,1004.5,314.58637428417705,0.0005219885671946658,0.00021439970554506407,-0.5335979327420546,0.00021439964937576583,-0.00021439964937576583
279.4598619687018,62504.19771591042,8.368444095804926e-05,5.855110155867232e-11,2500000.0,1004.5,279.45986182297975,8.368449950915082e-05,0.0,1.4572202644558274e-07,-5.855110156210899e-11,5.855110155867232e-11
197.26146192668025,41775.637707826194,3.0805869456475696e-08,6.103390288028621e-11,2500000.0,1004.5,197.26146177477906,3.0866903359355984e-08,0.0,1.5190119029284688e-07,-6.103390288028813e-11,6.103390288028621e-11
271.53545485653024,55914.8793706118,8.112148068993038e-05,6.362198492657495e-11,2500000.0,1004.5,271.5870948061579,6.03725489295425e-05,2.0748995382372804e-05,-0.05163994962765628,2.074893176038788e-05,-2.074893176038788e-05
212.83256710892732,62244.392111954505,2.6645989376347267e-07,6.631981202212662e-11,2500000.0,1004.5,212.8327695078635,1.8513600120881207e-07,8.139021236668272e-08,-0.00020239893618168026,8.13238925546606e-08,-8.13238925546606e-08
291.0092415632823,53962.06342175188,0.00031311219111702357,6.913203779678128e-11,2500000.0,1004.5,291.201870138889,0.00023571402943824336,7.7398230810818e-05,-0.19262857560670454,7.739816167878021e-05,-7.739816167878021e-05
289.88176170708874,16810.5337962208,0.000997779717459372,7.20635132129306e-11,2500000.0,1004.5,290.6102000855109,0.0007050931770093545,0.00029268661251353063,-0.7284383784221404,0.00029268654045001743,-0.00029268654045001743
233.51800270028406,8733.238367387297,5.91718313280453e-06,7.511929493320953e-11,2500000.0,1004.5,233.51800251332713,5.917258252099463e-06,0.0,1.869569246082392e-07,-7.511929493291556e-11,7.511929493320953e-11
198.04319329742336,50330.65669074404,2.7020791219316464e-08,7.830465404301183e-11,2500000.0,1004.5,198.0431931025387,2.7099095873359476e-08,0.0,1.9488464886308066e-07,-7.830465404301178e-11,7.830465404301183e-11
225.97242186882872,44227.250210537895,9.557038974576179e-07,8.162508514287236e-11,2500000.0,1004.5,225.97242166568017,9.557855225427607e-07,0.0,2.0314854509706493e-07,-8.16250851428551e-11,8.162508514287236e-11
213.69508666399398,26893.787391669255,4.822817570993341e-07,8.508631582640565e-11,2500000.0,1004.5,213.69509395145485,4.793536553210362e-07,3.013188094124304e-09,-7.2874608747497405e-06,2.9281017782978984e-09,-2.9281017782978984e-09
280.7588083985821,63044.15024537651,0.00010374876896217702,8.869431656014704e-11,2500000.0,1004.5,280.76070752066715,0.00010298570170840742,7.631559480861633e-07,-0.0018991220850352875,7.630672537696032e-07,-7.630672537696032e-07
216.35183716299912,42771.34629806467,5.388608630132526e-07,9.24553109823358e-11,2500000.0,1004.5,216.3521289467918,4.216221351134844e-07,1.1733118321075054e-07,-0.0002917837926759148,1.1723872789976821e-07,-1.1723872789976821e-07
250.35678033733797,97511.47063072583,3.2327935105317763e-06,9.63757866384107e-11,2500000.0,1004.5,250.35678009747787,3.232889886318415e-06,0.0,2.3986009978216316e-07,-9.637578663853206e-11,9.63757866384107e-11
310.7860624599891,33589.74712126212,0.0006936778487552294,1.0046250617173402e-10,2500000.0,1004.5,310.786062209958,0.0006936779492177355,0.0,2.5003112114063697e-07,-1.004625061525738e-10,1.0046250617173402e-10
259.32430466932544,34483.68736644887,4.8146400062003845e-05,1.0472251898884355e-10,2500000.0,1004.5,259.34959340332875,3.7985386739466884e-05,1.016111804505595e-05,-0.02528873400331122,1.0161013322536962e-05,-1.0161013322536962e-05
206.70136768578635,41582.30150013155,1.0493148387855167e-07,1.0916317341936125e-10,2500000.0,1004.5,206.70136741410101,1.0504064705197103e-07,0.0,2.716853373385675e-07,-1.091631734193553e-10,1.0916317341936125e-10
259.79961855803134,2919.1663144740724,0.00041504794975097354,1.1379212939153139e-10,2500000.0,1004.5,259.79961827482543,0.0004150480635431029,0.0,2.8320590672592516e-07,-1.1379212936507566e-10,1.1379212939153139e-10
236.28309003536998,70476.10667964311,3.207141858278928e-06,1.186173716452479e-10,2500000.0,1004.5,236.28532403545495,2.3095206241373434e-06,8.9773985151323e-07,-0.002234000084968102,8.976212341415848e-07,-8.976212341415848e-07
289.47569210005435,75066.62192475822,0.0001390304707695137,1.2364722350537126e-10,2500000.0,1004.5,289.4756917923211,0.00013903059441673722,0.0,3.077332735301752e-07,-1.2364722350925554e-10,1.2364722350537126e-10
271.0603505706515,71707.03422384344,3.8220637179464874e-05,1.2889036123908917e-10,2500000.0,1004.5,271.06035024986915,3.8220766069826115e-05,0.0,3.207823624507e-07,-1.28890361240691e-10,1.2889036123908917e-10
213.8647981529543,57920.917581249,3.0729424479428125e-08,1.3435582902208262e-10,2500000.0,1004.5,213.86479781856946,3.086378030845021e-08,0.0,3.343848504755442e-07,-1.3435582902208575e-10,1.3435582902208262e-10
288.39966202268397,27001.17322175956,0.0005151538230035438,1.4005305453932227e-10,2500000.0,1004.5,288.6884559218078,0.00039911643433559015,0.00011603752872100814,-0.2887938991238457,0.0001160373886679536,-0.0001160373886679536
203.11191421697305,8159.335370736237,1.9251007387286949e-07,1.4599186524739772e-10,2500000.0,1004.5,203.11191385362844,1.9265606573811687e-07,0.0,3.633446112871752e-07,-1.459918652473855e-10,1.4599186524739772e-10
220.04711114342643,19235.62376928515,1.965016393778234e-06,1.5218250532643872e-10,2500000.0,1004.5,220.04835999204892,1.4632290172641834e-06,5.019395590193769e-07,-0.0012488486224810913,5.017873765140505e-07,-5.017873765140505e-07
212.85390808928253,45150.94600331494,2.7076620588484575e-07,1.5863565335085928e-10,2500000.0,1004.5,212.8539449885156,2.559400940396425e-07,1.4984747498554117e-08,-3.6899233066378656e-05,1.4826111845203259e-08,-1.4826111845203257e-08
275.8276134798212,16043.156832306902,6.843792935322465e-05,1.6536244070941788e-10,2500000.0,1004.5,275.8276130682671,6.843809471566536e-05,0.0,4.115540832572151e-07,-1.653624407137221e-10,1.6536244070941788e-10
309.5346603709709,80347.54371137152,0.00019002787177604916,1.7237447080636198e-10,2500000.0,1004.5,309.5346599419653,0.00019002804415051998,0.0,4.2900563812509063e-07,-1.7237447081687451e-10,1.7237447080636198e-10
289.4956705288941,21876.998486560842,0.00043698804940804626,1.7968383907677228e-10,2500000.0,1004.5,289.49567008169686,0.00043698822909188535,0.0,4.47197237463115e-07,-1.7968383909678504e-10,1.7968383907677228e-10
245.6537136491745,31322.076316197283,1.2635550512926554e-05,1.8730315385064423e-10,2500000.0,1004.5,245.65371318301433,1.2635737816080405e-05,0.0,4.6616017357337114e-07,-1.8730315385063177e-10,1.8730315385064423e-10
279.9635154572667,63607.64894454071,0.00014081413237232644,1.952455581016861e-10,2500000.0,1004.5,280.07340663844093,9.665985577652402e-05,4.4154471841360516e-05,-0.10989118117424823,4.415427659580241e-05,-4.415427659580241e-05
209.97846331803896,3041.085168094519,2.131124307204137e-06,2.0352475211835798e-10,2500000.0,1004.5,209.9784628115065,2.1313278319562554e-06,0.0,5.065324728548148e-07,-2.0352475211833965e-10,2.0352475211835798e-10
273.1449349157535,54141.159941149395,6.0537005482107633e-05,2.1215501713624567e-10,2500000.0,1004.5,273.144934387742,6.053721763712477e-05,0.0,5.280114692141069e-07,-2.1215501713945555e-10,2.1215501713624567e-10
197.5849135476426,1908.5537690651,7.997309808716129e-07,2.2115123997254887e-10,2500000.0,1004.5,197.5849129972413,7.999521321115854e-07,0.0,5.504012960955151e-07,-2.2115123997256443e-10,2.2115123997254887e-10
207.95612243938652,36148.52129717875,1.1793778765135532e-08,2.3052893870517108e-10,2500000.0,1004.5,207.956121865646,1.2024307703840703e-08,0.0,5.737405217587366e-07,-2.3052893870517144e-10,2.3052893870517108e-10
260.96763975860495,35942.43378377179,3.830029619052791e-05,2.4030428944069746e-10,2500000.0,1004.5,260.96763916053555,3.830053649481735e-05,0.0,5.980693913443247e-07,-2.403042894405798e-10,2.4030428944069746e-10
208.8525628005803,81260.57631006236,7.849466175974929e-08,2.5049415421745026e-10,2500000.0,1004.5,208.85256217715036,7.874515591396674e-08,0.0,6.23429940560527e-07,-2.5049415421744664e-10,2.5049415421745026e-10
221.76343574379828,92809.71924813987,1.9320726921144022e-07,2.6111611009174624e-10,2500000.0,1004.5,221.7634350939324,1.9346838532153198e-07,0.0,6.498658819964476e-07,-2.611161100917594e-10,2.6111611009174624e-10
206.10794719992072,18182.145535404517,1.1536101154382767e-07,2.7218847945751853e-10,2500000.0,1004.5,206.1079465224979,1.1563320002328519e-07,0.0,6.774228040740127e-07,-2.7218847945751833e-10,2.7218847945751853e-10
197.37551749902246,28005.760777104242,3.303108884613128e-08,2.8373036165162115e-10,2500000.0,1004.5,197.37551679287424,3.33148192077829e-08,0.0,7.0614822789139e-07,-2.837303616516201e-10,2.8373036165162115e-10
320.3777461588558,99107.54330299077,0.00014260405681204878,2.9576166589932564e-10,2500000.0,1004.5,320.37774542276406,0.00014260435257371467,0.0,7.360917493315355e-07,-2.957616658907144e-10,2.9576166589932564e-10
236.77288855420457,82480.64508564166,6.090052399284654e-07,3.083031456568283e-10,2500000.0,1004.5,236.7728877868996,6.093135430741222e-07,0.0,7.67304982218775e-07,-3.0830314565681047e-10,3.083031456568283e-10
200.5579716383167,28428.424467109195,9.317424098548772e-08,3.2137643441002756e-10,2500000.0,1004.5,200.55801328217595,7.644173834322486e-08,1.705387907667288e-08,-4.1643859248097215e-05,1.6732502642262853e-08,-1.6732502642262853e-08
276.3639385474268,59603.214377593686,1.5981424476896613e-05,3.350040829913136e-10,2500000.0,1004.5,276.3639377136685,1.5981759480979603e-05,0.0,8.337582926287723e-07,-3.350040829899032e-10,3.350040829913136e-10
290.4368929519759,95354.39523613571,6.453073003051016e-05,3.4920959847872785e-10,2500000.0,1004.5,290.4368920828629,6.453107924010864e-05,0.0,8.691129664839536e-07,-3.4920959848035605e-10,3.4920959847872785e-10
234.5665750018671,92187.86009997838,1.7979100664888e-06,3.6401748474461374e-10,2500000.0,1004.5,234.56735411559123,1.4848621721408294e-06,3.134119118327152e-07,-0.0007791137241213164,3.1304789434797056e-07,-3.1304789434797056e-07
322.307344807994,46952.30244051546,0.000797845027824259,3.794532847236942e-10,2500000.0,1004.5,322.3073438636105,0.0007978454072775438,0.0,9.443834869671264e-07,-3.7945328476562956e-10,3.794532847236942e-10
303.2200499174619,88417.04383545616,0.0002024842323207627,3.95543624473471e-10,2500000.0,1004.5,303.2200489330328,0.00020248462786438717,0.0,9.84429107120377e-07,-3.955436244653613e-10,3.95543624473471e-10
276.92765813933715,2607.427526330216,0.0019693869583385336,4.123162591029748e-10,2500000.0,1004.5,277.06400456711816,0.001914602963656135,5.4784406998657706e-05,-0.1363464277810067,5.47839946823986e-05,-5.47839946823986e-05
237.74443661067465,82072.65324724406,2.837662478455772e-06,4.2980012064907986e-10,2500000.0,1004.5,237.745791074068,2.2934390870058136e-06,5.446531915706074e-07,-0.0013544633933406658,5.442233914499584e-07,-5.442233914499584e-07
271.1956886832081,88335.02765060052,1.9094199977765657e-05,4.4802536798294986e-10,2500000.0,1004.5,271.1956875681624,1.909464800313364e-05,0.0,1.1150457339681452e-06,-4.4802536798167476e-10,4.4802536798294986e-10
214.30369089210149,93471.8012066945,2.1095523440387124e-07,4.67023438832733e-10,2500000.0,1004.5,214.30384475130808,1.4913460519656195e-07,6.228765264614203e-08,-0.00015385920659127805,6.182062920730929e-08,-6.182062920730929e-08
221.551597844855,68728.60627657063,6.90796121351019e-07,4.868271040122284e-10,2500000.0,1004.5,221.55210275252279,4.87924220435124e-07,2.033587280199072e-07,-0.0005049076677892117,2.0287190091589495e-07,-2.0287190091589495e-07
307.9665546968061,65403.832549526014,0.00017596462259842564,5.074705239490477e-10,2500000.0,1004.5,307.96655343381326,0.00017596513006894958,0.0,1.2629928392016154e-06,-5.074705239360711e-10,5.074705239490477e-10
215.88217190865018,90127.87872848345,1.2360443418217732e-07,5.289893076098146e-10,2500000.0,1004.5,215.88217059210137,1.2413342348978713e-07,0.0,1.316548804197737e-06,-5.289893076098127e-10,5.289893076098146e-10
248.57271043133915,81004.65658731102,1.1649737520613317e-06,5.514205739240302e-10,2500000.0,1004.5,248.5727090589634,1.1655251726352558e-06,0.0,1.372375749042476e-06,-5.514205739241184e-10,5.514205739240302e-10
220.13550453053867,69753.82043425278,3.4938508266035407e-07,5.748030158125363e-10,2500000.0,1004.5,220.1355030999687,3.499598856761666e-07,0.0,1.4305699664873828e-06,-5.748030158125337e-10,5.748030158125363e-10
242.99635051087074,90930.52987863719,3.6130202227997857e-06,5.991769669310613e-10,2500000.0,1004.5,242.99678917641057,3.4367644088961324e-06,1.7685499087058438e-07,-0.0004386655398320727,1.762558139036533e-07,-1.762558139036533e-07
243.46956474455007,54382.572821695125,4.007295978724934e-06,6.245844712439618e-10,2500000.0,1004.5,243.469563190084,4.007920563196178e-06,0.0,1.554466081188366e-06,-6.245844712441005e-10,6.245844712439618e-10
243.57879926554153,54699.37606446793,1.097306766537552e-06,6.510693555481468e-10,2500000.0,1004.5,243.57879764515985,1.0979578358931e-06,0.0,1.6203816812776495e-06,-6.510693555481238e-10,6.510693555481468e-10
311.6945020827855,46862.44798019545,0.000772562111318101,6.786773050723288e-10,2500000.0,1004.5,311.69450039369315,0.0007725627899954061,0.0,1.6890923575374472e-06,-6.786773051100509e-10,6.786773050723288e-10
276.4881753117744,33696.17539682012,0.00020874506296873576,7.074559422819879e-10,2500000.0,1004.5,276.65125062454393,0.00014322140229793088,6.552436812674716e-05,-0.16307531276953569,6.552366067080488e-05,-6.552366067080488e-05
311.41561138871486,69554.31769510977,0.00021378161209887247,7.374549090259562e-10,2500000.0,1004.5,311.4156095533368,0.0002137823495537815,0.0,1.8353780433244538e-06,-7.374549090149746e-10,7.374549090259562e-10
193.69029014989886,19169.77230581037,1.6867905981769613e-08,7.68725952166372e-10,2500000.0,1004.5,193.6902882366934,1.7636631933935986e-08,0.0,1.913205466053114e-06,-7.687259521663724e-10,7.68725952166372e-10
299.5755034412261,94321.0674536246,0.00020081961088945553,8.013230128396887e-10,2500000.0,1004.5,299.57550144689304,0.00020082041221246836,0.0,1.994333047150576e-06,-8.013230128273499e-10,8.013230128396887e-10
297.2702500973745,79602.15527081395,0.00012693726182507324,8.353023195026787e-10,2500000.0,1004.5,297.27024801847375,0.00012693809712739274,0.0,2.078900763535785e-06,-8.353023195004083e-10,8.353023195026787e-10
235.19119992226337,95653.50646088166,8.330450182640591e-07,8.707224849239903e-10,2500000.0,1004.5,235.1911977552089,8.339157407489831e-07,0.0,2.167054475421537e-06,-8.707224849239857e-10,8.707224849239903e-10
210.79022609885212,50341.89039438995,1.9393130581334214e-07,9.076446072885356e-10,2500000.0,1004.5,210.79027483847446,1.743477255586104e-07,2.0491224862020285e-08,-4.873962234341889e-05,1.958358025473175e-08,-1.958358025473175e-08
217.52866983413787,58284.266020075054,4.550980140767828e-08,9.46132375589078e-10,2500000.0,1004.5,217.52866747940323,4.645593378326736e-08,0.0,2.3547346472696518e-06,-9.461323755890761e-10,9.46132375589078e-10
261.5279320082369,93857.23531399829,1.3496465062660036e-06,9.862521794868765e-10,2500000.0,1004.5,261.5279295536521,1.3506327584454905e-06,0.0,2.4545848305024265e-06,-9.862521794868843e-10,9.862521794868765e-10
190.79660248450372,10298.559303053233,7.848125382924525e-08,1.0280732238308647e-09,2500000.0,1004.5,190.79664859127533,5.995555300063783e-08,1.955377405243828e-08,-4.6106771605991526e-05,1.8525700828607413e-08,-1.8525700828607413e-08
213.86254963105816,26874.453444248255,1.1815308188004e-07,1.0716676480328644e-09,2500000.0,1004.5,213.86254696389128,1.1922474952807287e-07,0.0,2.6671668820199557e-06,-1.0716676480328739e-09,1.0716676480328644e-09
250.69572443890573,41800.0707851619,2.2039686197833862e-05,1.1171106505048218e-09,2500000.0,1004.5,250.71304896046612,1.5078693434865163e-05,6.962109873619204e-06,-0.017324521560396988,6.9609927629687e-06,-6.9609927629687e-06
217.80061344688508,43366.30170501616,1.406129177566328e-07,1.1644806183726855e-09,2500000.0,1004.5,217.80061054872525,1.417773983750055e-07,0.0,2.8981598347854742e-06,-1.164480618372688e-09,1.1644806183726855e-09
219.1095128478327,18547.31300425463,4.764983074171212e-07,1.213859262690629e-09,2500000.0,1004.5,219.10950982677926,4.777121666798118e-07,0.0,3.0210534305297188e-06,-1.2138592626906107e-09,1.213859262690629e-09
318.80138527186466,21405.95059487816,0.0023852599585853025,1.2653317593889404e-09,2500000.0,1004.5,318.80138212270646,0.002385261223917062,0.0,3.1491582035414467e-06,-1.2653317595090474e-09,1.2653317593889404e-09
197.9005450780124,50180.637032842984,4.3684432800314244e-08,1.3189868961986692e-09,2500000.0,1004.5,197.9005711153853,3.322261637685594e-08,1.1780803319656974e-08,-2.6037372890641564e-05,1.0461816423458305e-08,-1.0461816423458305e-08
322.36947067368135,84388.57432904051,3.397502225102789e-05,1.3749172258064204e-09,2500000.0,1004.5,322.36946725178683,3.39763971682537e-05,0.0,3.4218945188513317e-06,-1.3749172258071922e-09,1.3749172258064204e-09
304.90635840828554,13706.101016910356,0.001737779334068795,1.433219225503571e-09,2500000.0,1004.5,304.906354841289,0.0017377807672880206,0.0,3.5669965541273996e-06,-1.4332192255911425e-09,1.433219225503571e-09
205.01525044998849,34906.097603035545,3.5304035730766833e-08,1.4939934636052562e-09,2500000.0,1004.5,205.01524673173697,3.679802919437209e-08,0.0,3.7182515200129274e-06,-1.4939934636052537e-09,1.4939934636052562e-09
241.73181493645484,47994.266792753755,7.170127137793956e-06,1.5573447729261352e-09,2500000.0,1004.5,241.73528554512978,5.775636572198986e-06,1.396047910367896e-06,-0.003470608674945197,1.3944905655949698e-06,-1.3944905655949698e-06
212.93735859748887,40274.08902276772,1.408428598100792e-07,1.6233824316122814e-09,2500000.0,1004.5,212.93735455721404,1.4246624224169149e-07,0.0,4.040274831140778e-06,-1.623382431612279e-09,1.6233824316122814e-09
196.900426678106,82551.75728615862,1.0187350012451946e-08,1.6922203516410356e-09,2500000.0,1004.5,196.9004224665073,1.1879570364092983e-08,0.0,4.2115986786939175e-06,-1.6922203516410365e-09,1.6922203516410356e-09
283.8904896772923,19459.683587047068,0.0004771962380518008,1.7639772753140452e-09,2500000.0,1004.5,284.051973455882,0.0004123120558144622,6.488594621461394e-05,-0.16148377858968388,6.488418223733863e-05,-6.488418223733863e-05
193.25742812079284,54883.5271643645,8.6282699713475e-09,1.8387769800823307e-09,2500000.0,1004.5,193.25742354444395,1.0467046951429831e-08,0.0,4.576348885620973e-06,-1.8387769800823304e-09,1.8387769800823307e-09
258.97854839691456,12880.227363018479,0.0001256507153600226,1.916748492056813e-09,2500000.0,1004.5,259.0451947283477,9.887221939017615e-05,2.67804127183385e-05,-0.06664633143316223,2.6778495969846444e-05,-2.6778495969846444e-05
300.397096203753,12102.927273641053,0.0012418784376282454,1.998026308572551e-09,2500000.0,1004.5,300.39709123106434,0.001241880435654554,0.0,4.9726886572898366e-06,-1.9980263086388783e-09,1.998026308572551e-09
226.8714259060854,82250.57365560957,1.0779917756641256e-07,2.0827506301905185e-09,2500000.0,1004.5,226.8714207225348,1.0988192819660308e-07,0.0,5.183550598530928e-06,-2.0827506301905135e-09,2.0827506301905185e-09
255.49079908543385,26372.65391471715,1.7873880061691633e-05,2.1710676025372716e-09,2500000.0,1004.5,255.49079368207993,1.787605112929417e-05,0.0,5.403353924293697e-06,-2.1710676025385066e-09,2.1710676025372716e-09
285.34578189280586,13019.218860661982,0.0007242228575880304,2.2631295683995298e-09,2500000.0,1004.5,285.4585448597818,0.0006789146974570915,4.531042326050727e-05,-0.1127629669759358,4.530816013093887e-05,-4.530816013093887e-05
247.72700309648621,76725.15798937007,4.407046086468839e-06,2.3590953305086387e-09,2500000.0,1004.5,247.72699722516882,4.409405181799347e-06,0.0,5.871317398487008e-06,-2.3590953305085787e-09,2.3590953305086387e-09
315.50247039408396,82448.70479809016,0.00011992506118344542,2.4591304254680516e-09,2500000.0,1004.5,315.50246427379915,0.00011992752031387089,0.0,6.120284808730503e-06,-2.4591304254690475e-09,2.4591304254680516e-09
297.11302020443395,4924.348046013043,0.005604632003204408,2.563407409296515e-09,2500000.0,1004.5,301.6504851258407,0.0037814785977831667,0.0018231559688286507,-4.537464921406752,0.0018231534054212414,-0.0018231534054212414
307.8254257934832,94988.16774720531,1.4508531371479192e-05,2.672106155079438e-09,2500000.0,1004.5,307.8254191431443,1.4511203477634272e-05,0.0,6.650338889357954e-06,-2.672106155079265e-09,2.672106155079438e-09
274.37811860946647,44745.43258246905,2.975540909389354e-05,2.7854141632417747e-09,2500000.0,1004.5,274.3781116771266,2.975819450805678e-05,0.0,6.932339886134287e-06,-2.7854141632427582e-09,2.7854141632417747e-09
249.15699581269374,70636.44226377274,8.854094102365992e-06,2.9035268849778137e-09,2500000.0,1004.5,249.1596557800249,7.785319228699174e-06,1.0716784005517965e-06,-0.002659967331169355,1.0687748736668187e-06,-1.0687748736668187e-06
258.92944150815487,84139.91289488456,7.45036392466667e-06,3.0266480593956955e-09,2500000.0,1004.5,258.92943397543195,7.453390572726065e-06,0.0,7.532722918313084e-06,-3.02664805939555e-09,3.0266480593956955e-09
264.329399890049,44562.11368680625,4.603814449245596e-05,3.154990064958095e-09,2500000.0,1004.5,264.3348548204032,4.384635347612871e-05,2.194946006392206e-06,-0.005454930354233056,2.191791016327248e-06,-2.191791016327248e-06
307.70568851056413,50666.37980741834,0.0006007667058165216,3.28877428582551e-09,2500000.0,1004.5,307.7056803254614,0.0006007699945908074,0.0,8.18510272893036e-06,-3.288774285781053e-09,3.28877428582551e-09
264.31222178118736,39706.33885119606,5.1926143054480646e-05,3.428231493733974e-09,2500000.0,1004.5,264.3191490277917,4.9142775368855755e-05,2.786795917118625e-06,-0.006927246604334414,2.783367685624891e-06,-2.783367685624891e-06
264.22002347787475,63494.0888995896,1.8636284931926936e-05,3.5736022460657955e-09,2500000.0,1004.5,264.22001458389207,1.8639858534173003e-05,0.0,8.893982681001944e-06,-3.573602246067321e-09,3.5736022460657955e-09
297.3654216804512,87809.88793382581,0.00011833913637887775,3.7251373008002093e-09,2500000.0,1004.5,297.36541240932803,0.00011834286151617855,0.0,9.271123190046637e-06,-3.7251373007980053e-09,3.7251373008002093e-09
266.2026407500803,83998.77339009436,3.268966275910437e-05,3.883098049059609e-09,2500000.0,1004.5,266.2170533986968,2.6898660545007976e-05,5.7948853121454545e-06,-0.014412648616485058,5.791002214096395e-06,-5.791002214096395e-06
296.96872312009145,79043.2290354965,2.791184425469857e-05,4.04775696599733e-09,2500000.0,1004.5,296.9687130460323,2.7915892011664565e-05,0.0,1.0074059161979676e-05,-4.0477569659965005e-09,4.04775696599733e-09
292.607860175964,59320.10341996771,0.00011718705144178788,4.219398080805024e-09,2500000.0,1004.5,292.6078496747244,0.00011719127083986869,0.0,1.0501239614768565e-05,-4.219398080807109e-09,4.219398080805024e-09
303.52812050460165,25932.932173093046,0.0005252501944986112,4.3983174666502286e-09,2500000.0,1004.5,303.5281095580674,0.0005252545928160779,0.0,1.094653424615899e-05,-4.398317466638123e-09,4.3983174666502286e-09
201.74719264888824,39697.39989671976,2.72479259245685e-08,4.584823751389105e-09,2500000.0,1004.5,201.74718123817706,3.1832749675957604e-08,0.0,1.1410711181270017e-05,-4.5848237513891045e-09,4.584823751389105e-09
210.1594201278064,98912.5449966354,7.028410206776769e-08,4.779238649935595e-09,2500000.0,1004.5,210.15940823323535,7.506334071770328e-08,0.0,1.18945710596563e-05,-4.779238649935589e-09,4.779238649935595e-09
271.97104703085205,33896.04707967204,2.5473004851542933e-05,4.981897519205165e-09,2500000.0,1004.5,271.97103463190354,2.547798674906214e-05,0.0,1.2398948513236974e-05,-4.9818975192064555e-09,4.981897519205165e-09
255.75184991634228,15300.130726941043,1.0342510066828398e-05,5.193149936590223e-09,2500000.0,1004.5,255.75183699162864,1.0347703216764988e-05,0.0,1.292471364422454e-05,-5.193149936590585e-09,5.193149936590223e-09
261.1050461585072,78565.19210234754,4.011140401249091e-06,5.413360302965376e-09,2500000.0,1004.5,261.10503268573393,4.016553761552056e-06,0.0,1.3472773275680083e-05,-5.413360302965215e-09,5.413360302965376e-09
205.30989363341635,5378.96522434577,1.2135861902582123e-07,5.642908471262542e-09,2500000.0,1004.5,205.3098795893435,1.2700152749708377e-07,0.0,1.4044072855767809e-05,-5.642908471262533e-09,5.642908471262542e-09
232.57349172253333,84665.50505530988,7.244259058293792e-07,5.8821904016999675e-09,2500000.0,1004.5,232.5734770829355,7.303080962310792e-07,0.0,1.4639597821997086e-05,-5.882190401699976e-09,5.8821904016999675e-09
251.4995627253453,22385.27302943648,4.869667984169409e-06,6.131618844795769e-09,2500000.0,1004.5,251.49954746496988,4.875799603014205e-06,0.0,1.5260375420211858e-05,-6.131618844795889e-09,6.131618844795769e-09
259.80827444867214,54008.79934121188,2.0828873570634237e-05,6.391624053344005e-09,2500000.0,1004.5,259.80825854119564,2.083526519468758e-05,0.0,1.5907476495158335e-05,-6.39162405334249e-09,6.391624053344005e-09
215.2768642423295,86599.35439186837,1.3640100288908674e-07,6.662654524581163e-09,2500000.0,1004.5,215.27684766031228,1.430636574136679e-07,0.0,1.6582017224209267e-05,-6.662654524581163e-09,6.662654524581163e-09
322.89743308733455,29732.304973645227,0.002990728745765895,6.945177773823689e-09,2500000.0,1004.5,323.9717607167745,0.0025590639042569322,0.0004316717866867366,-1.0743276294399493,0.0004316648415089628,-0.0004316648415089628
296.1539693727881,42764.4921042473,0.0005291649747196136,7.2396811409108765e-09,2500000.0,1004.5,296.4536488475002,0.0004087537617803029,0.00012041845262045159,-0.299679474712093,0.00012041121293931067,-0.00012041121293931067
286.58665386154905,26530.596375831075,0.00016886922424307906,7.546672630843902e-09,2500000.0,1004.5,286.5866350793872,0.0001688767709157099,0.0,1.8782161873787118e-05,-7.546672630830576e-09,7.546672630843902e-09
260.9971533552225,67463.28805907836,1.6072464474574424e-05,7.866681790071574e-09,2500000.0,1004.5,260.99713377662175,1.6080331156364495e-05,0.0,1.9578600756631204e-05,-7.866681790070942e-09,7.866681790071574e-09
224.31424643381095,52752.288902617875,7.625616284620941e-07,8.20026061993413e-09,2500000.0,1004.5,224.31422602499904,7.707618890820283e-07,0.0,2.0408811906236224e-05,-8.200260619934174e-09,8.20026061993413e-09
245.19991659164236,44328.069154622826,1.0420183640106104e-05,8.547984528840423e-09,2500000.0,1004.5,245.2042967529602,8.66023482259586e-06,1.768496802039084e-06,-0.004380161317840248,1.7599488175102436e-06,-1.7599488175102436e-06
317.04789679211444,29449.93792254599,0.0026270309872040406,8.910453324821504e-09,2500000.0,1004.5,318.81263099955197,0.0019179607826556395,0.0007090791150017259,-1.7647342074375274,0.000709070204548401,-0.000709070204548401
284.3724043297176,95796.61696046584,1.0114525408538578e-05,9.288292250172498e-09,2500000.0,1004.5,284.37238121301215,1.012381370078875e-05,0.0,2.31167054494108e-05,-9.288292250172396e-09,9.288292250172498e-09
196.82852821331647,47221.46713059774,4.0603817606663e-08,9.682153059967095e-09,2500000.0,1004.5,196.8285486607025,3.238805789837687e-08,1.7897912768253223e-08,-2.0447386020805425e-05,8.21575970828613e-09,-8.215759708286128e-09
242.6190863395271,95852.42635799256,1.778041532937416e-06,1.0092715146305718e-08,2500000.0,1004.5,242.6190612207736,1.7881342480837218e-06,0.0,2.5118753484321132e-05,-1.0092715146305733e-08,1.0092715146305718e-08
283.01697929822,37516.40699976538,0.00012830321694260366,1.0520686710236229e-08,2500000.0,1004.5,283.01695311433076,0.0001283137376293139,0.0,2.6183889247022307e-05,-1.052068671024138e-08,1.0520686710236229e-08
218.52140396619535,32846.40115932599,3.6347735471451894e-07,1.0966805983368696e-08,2500000.0,1004.5,218.52137667200427,3.744441606978876e-07,0.0,2.7294191085047714e-05,-1.0966805983368673e-08,1.0966805983368696e-08
192.38968400490344,93975.26775099064,1.5110925294830346e-08,1.1431842501291502e-08,2500000.0,1004.5,192.3896955405158,1.047591625135375e-08,1.6066851544768098e-08,-1.1535612344459878e-05,4.635009043476596e-09,-4.635009043476596e-09
291.33233316553753,3898.264187718862,0.001462824444551634,1.1916598430985588e-08,2500000.0,1004.5,291.3323035075026,0.0014628363611500648,0.0,2.965803491861152e-05,-1.1916598430901024e-08,1.1916598430985588e-08
314.978223788439,23035.341555086456,0.002387439264439754,1.2421909954526187e-08,2500000.0,1004.5,315.44003966926783,0.002201881643522725,0.00018557004282698352,-0.4618158808288513,0.000185557620917029,-0.000185557620917029
225.51793696038618,66659.29921459644,2.815196737117734e-07,1.2948648711459048e-08,2500000.0,1004.5,225.51790473378412,2.9446832242323247e-07,0.0,3.22266020589268e-05,-1.2948648711459063e-08,1.2948648711459048e-08
194.18558266025605,9207.801742301388,2.9296851075515334e-09,1.3497723302339418e-08,2500000.0,1004.5,194.1855490671169,1.6427408409890953e-08,0.0,3.359313913620099e-05,-1.349772330233942e-08,1.3497723302339418e-08
259.47986131789185,91186.21366176476,1.0294272407120198e-05,1.4070080856026864e-08,2500000.0,1004.5,259.479826300269,1.0308342487976225e-05,0.0,3.5017622849409236e-05,-1.4070080856027053e-08,1.4070080856026864e-08
264.9166851699928,88583.13180217314,2.363582591687412e-05,1.4666708663439685e-08,2500000.0,1004.5,264.91804291851577,2.309028256032643e-05,5.602100652111315e-07,-0.001357748522991642,5.455433565476918e-07,-5.455433565476918e-07
247.5658470374568,58996.154032953404,8.723240566412256e-06,1.5288635880587295e-08,2500000.0,1004.5,247.56744958640317,8.079336399762425e-06,6.591928025304182e-07,-0.0016025489463800113,6.439041666498309e-07,-6.439041666498309e-07
279.8845540687258,40652.39413834772,3.357726747220905e-05,1.593693530381776e-08,2500000.0,1004.5,279.88451440487484,3.359320440751286e-05,0.0,3.966385094145153e-05,-1.593693530381544e-08,1.593693530381776e-08
244.43237901624127,48040.99763344308,1.9931924192711623e-06,1.661272522034293e-08,2500000.0,1004.5,244.43233767048412,2.009805144491505e-06,0.0,4.134575715397659e-05,-1.6612725220342783e-08,1.661272522034293e-08
253.38251884309835,49360.28788316619,1.597808236225679e-06,1.7317171337233562e-08,2500000.0,1004.5,253.38247574411542,1.6151254075629126e-06,0.0,4.309898292831349e-05,-1.7317171337233628e-08,1.7317171337233562e-08
314.80600819802623,80557.78407924679,0.000829207527552322,1.80514887922111e-08,2500000.0,1004.5,315.3208037952072,0.0006223626566050161,0.0002068629224360981,-0.5147955971809779,0.0002068448709473059,-0.0002068448709473059
211.9805244049274,42521.09877408046,6.725080596749103e-08,1.8816944249705555e-08,2500000.0,1004.5,211.98047757330906,8.606775021719658e-08,0.0,4.683161833440863e-05,-1.881694424970555e-08,1.8816944249705555e-08
214.95145594024305,96380.82851237764,1.6877522211343286e-07,1.9614858085794334e-08,2500000.0,1004.5,214.9514851287162,1.5704729359862407e-07,3.1342786600603133e-08,-2.918847314958839e-05,1.1727928514808799e-08,-1.1727928514808799e-08
256.6220169364186,85691.79786901482,1.094110989071743e-05,2.0446606665791178e-08,2500000.0,1004.5,256.6219660488958,1.0961556497383222e-05,0.0,5.088752283199938e-05,-2.044660666579132e-08,2.0446606665791178e-08
200.27826496796047,92489.23092201917,3.107639513947523e-08,2.1313624718414376e-08,2500000.0,1004.5,200.2782856566541,2.2763678034917637e-08,2.9626341822971967e-08,-2.068869363824888e-05,8.31271710455759e-09,-8.31271710455759e-09
219.80768470626538,92532.74357480323,1.2913265268553206e-07,2.221740781062887e-08,2500000.0,1004.5,219.80762941157198,1.5135006049616093e-07,0.0,5.52946933964904e-05,-2.221740781062886e-08,2.221740781062887e-08
204.45213131891907,46706.92517066653,6.723602817475887e-08,2.3159514927431545e-08,2500000.0,1004.5,204.45210645137416,7.722780772000676e-08,1.3167735382183659e-08,2.4867544908602213e-05,-9.991779545247887e-09,9.991779545247887e-09
287.13325926221546,76922.32791134002,3.9097967145682254e-05,2.414157116103018e-08,2500000.0,1004.5,287.1331991786635,3.912210871684328e-05,0.0,6.0083551943534985e-05,-2.4141571161029047e-08,2.414157116103018e-08
206.8047235713567,75769.15984457436,9.859938637793952e-08,2.5165270514053943e-08,2500000.0,1004.5,206.80480357379207,6.645440784170142e-08,5.7310249050292044e-08,-8.000243536798735e-05,3.21449785362381e-08,-3.21449785362381e-08
313.0161597525584,53436.27721252278,0.0011923487330924973,2.6232378821631237e-08,2500000.0,1004.5,313.85918276631526,0.0008536220861649913,0.00033875287930632756,-0.8430230137568628,0.00033872664692750595,-0.00033872664692750595
257.1693131130733,5636.219658594348,0.00026365309807494045,2.73447367973758e-08,2500000.0,1004.5,257.34106108518625,0.0001946447628799613,6.903567993177654e-05,-0.17174797211293935,6.900833519497915e-05,-6.900833519497915e-05
234.27126859420815,42390.365140282505,2.5950669206562072e-06,2.8504263208534376e-08,2500000.0,1004.5,234.27119765278653,2.623571183864742e-06,0.0,7.094142162600292e-05,-2.8504263208534565e-08,2.8504263208534376e-08
194.72093154195167,18430.248282192202,7.805275364883126e-08,2.9712958185773343e-08,2500000.0,1004.5,194.72095005843224,7.061283176309646e-08,3.715288007150814e-08,-1.8516480565722304e-05,7.439921885734793e-09,-7.439921885734796e-09
282.031629570263,93408.3770191187,7.747514255653908e-05,3.097290667331413e-08,2500000.0,1004.5,282.0358401666074,7.578332494537694e-05,1.7227905178354591e-06,-0.004210596344364603,1.691817611162145e-06,-1.691817611162145e-06
219.3493856573723,81476.53656823521,4.106164588813524e-07,3.228628202536733e-08,2500000.0,1004.5,219.34961580931812,3.181414070504196e-07,1.2476133385630013e-07,-0.00023015194582853837,9.24750518309328e-08,-9.24750518309328e-08
274.4664765708527,88818.1908204302,3.112581450852866e-05,3.3655349755070945e-08,2500000.0,1004.5,274.46639280940485,3.1159469858283734e-05,0.0,8.376144785415818e-05,-3.365534975507218e-08,3.3655349755070945e-08
229.39638083008046,94164.95313618548,5.6593631873643885e-08,3.508247144239796e-08,2500000.0,1004.5,229.39629351681157,9.167610331604185e-08,0.0,8.73132688923306e-05,-3.508247144239796e-08,3.508247144239796e-08
200.56934690031954,71059.87500435948,2.5114130534237184e-08,3.657010880777493e-08,2500000.0,1004.5,200.5693331937049,3.0621448301185915e-08,3.10627910408262e-08,1.3706614652164717e-05,-5.507317766948731e-09,5.507317766948731e-09
322.2871695338479,44790.96788044912,0.00191390544890173,3.812082795843888e-08,2500000.0,1004.5,322.9553341848498,0.001645436892129151,0.00026850667760053743,-0.6681646510019164,0.000268468556772579,-0.000268468556772579
303.5551864381648,80219.09403637567,0.0001611240025670722,3.9737303814856125e-08,2500000.0,1004.5,303.55508753994724,0.00016116373987088705,0.0,9.889821757269601e-05,-3.9737303814861916e-08,3.9737303814856125e-08
321.40859502827044,49107.9812217801,0.0013950251190605874,4.142232472483898e-08,2500000.0,1004.5,321.4084919363722,0.0013950665413853122,0.0,0.00010309189826784859,-4.142232472477414e-08,4.142232472483898e-08
245.30657341314583,43920.826225159304,1.1483415319542163e-05,4.317879727332021e-08,2500000.0,1004.5,245.31318444847395,8.827101324708564e-06,2.699492792106919e-06,-0.0066110353281203516,2.656313994833599e-06,-2.656313994833599e-06
279.24693191202084,7825.22585524606,0.0007069229028406119,4.500975129608051e-08,2500000.0,1004.5,279.2468198917339,0.0007069679125919079,0.0,0.00011202028696288835,-4.500975129607433e-08,4.500975129608051e-08
237.04376272271318,17034.57811074375,1.1171210902678075e-05,4.691834510607799e-08,2500000.0,1004.5,237.04590972076065,1.0308547087211452e-05,9.095821605727008e-07,-0.0021469980474648764,8.626638154666228e-07,-8.626638154666228e-07
285.22101159179545,65419.034157040274,0.0001897997047066527,4.89078709413959e-08,2500000.0,1004.5,285.36016111035156,0.00013388942815080335,5.5959184426790745e-05,-0.1391495185561098,5.5910276555849346e-05,-5.5910276555849346e-05
305.8980282892735,88579.37993442343,0.00042257154909094264,5.09817606442043e-08,2500000.0,1004.5,306.08264268941855,0.0003483934831126553,7.422904773893154e-05,-0.18461440014505115,7.417806597828733e-05,-7.417806597828733e-05
223.55822133297875,85861.2640606205,2.0788853841102804e-07,5.3143591580532415e-08,2500000.0,1004.5,223.55808906918685,2.610321299915605e-07,0.0,0.00013226379189745785,-5.314359158053244e-08,5.3143591580532415e-08
257.1963571209643,45500.717091243714,2.3999363450111436e-05,5.5397092811064003e-08,2500000.0,1004.5,257.19621924865766,2.40547605429225e-05,0.0,0.000137872306652298,-5.539709281106493e-08,5.5397092811064003e-08
203.3347265719848,14909.171129473294,2.2050884200278612e-07,5.774615152359826e-08,2500000.0,1004.5,203.3347595084422,2.0727497340914197e-07,7.098002011724241e-08,-3.293645741564433e-05,1.3233868593644148e-08,-1.3233868593644148e-08
318.07516199175234,17686.521883959253,0.004567441040893812,6.019481973827275e-08,2500000.0,1004.5,321.04179762893347,0.003375446841874446,0.0011920543938391045,-2.9666356371811275,0.0011919941990193661,-0.0011919941990193661
272.2163616910859,9349.56806584572,0.0005168422953371985,6.274732129711588e-08,2500000.0,1004.5,272.55753733550245,0.00037975792141063046,0.00013714712124786513,-0.3411756444165235,0.00013708437392656803,-0.00013708437392656803
195.4991418463799,21721.699377806035,5.152095909390593e-08,6.540805914998259e-08,2500000.0,1004.5,195.4991114882189,6.371886818771248e-08,5.321015005617604e-08,3.035816101260025e-05,-1.2197909093806552e-08,1.2197909093806552e-08
306.47231317240045,5109.317333253552,0.0017774559240224567,6.818162294944479e-08,2500000.0,1004.5,306.4721434819501,0.0017775241056454062,0.0,0.00016969045032055874,-6.818162294952232e-08,6.818162294944479e-08
235.4552267144718,9767.732670428928,2.0064607879623533e-05,7.107279696773426e-08,2500000.0,1004.5,235.4670004703109,1.5333912783473853e-05,4.801767893117414e-06,-0.01177375583910134,4.7306950961496795e-06,-4.7306950961496795e-06
307.54344783190663,78361.9679552932,0.00034134303407425603,7.408656834939568e-08,2500000.0,1004.5,307.5432634452258,0.00034141712064260544,0.0,0.0001843866808144412,-7.408656834941236e-08,7.408656834939568e-08
244.6648748716509,25795.777239468724,2.062186015594035e-05,7.722813571388642e-08,2500000.0,1004.5,244.6809516163178,1.4162224148782413e-05,6.5368641428718245e-06,-0.01607674466688991,6.459636007157938e-06,-6.459636007157938e-06
238.60860815030875,46865.30192521912,5.745709017704382e-06,8.050291812295989e-08,2500000.0,1004.5,238.61202459857356,4.372980104902106e-06,1.4532318309252359e-06,-0.00341644826480092,1.372728912802276e-06,-1.372728912802276e-06
308.3771649807468,98801.74587020601,0.0001310016366452036,8.391656442830162e-08,2500000.0,1004.5,308.3769561291678,0.0001310855532096319,0.0,0.00020885157897509998,-8.391656442831037e-08,8.391656442830162e-08
203.15770929929462,48252.60699805923,3.813120317476816e-08,8.747496301554416e-08,2500000.0,1004.5,203.15764859143292,6.252362200999895e-08,6.308254418031337e-08,6.070786170653264e-05,-2.4392418835230792e-08,2.4392418835230792e-08
209.06824578147118,77105.84974586393,5.978451873547429e-08,9.11842519614658e-08,2500000.0,1004.5,209.0681709812699,8.983923960779701e-08,6.112953108914308e-08,7.480020127559328e-05,-3.005472087232272e-08,3.005472087232272e-08
210.4579143390387,80478.1229969398,1.2729356482605343e-07,9.505082962189512e-08,2500000.0,1004.5,210.45797170931544,1.0424218762354255e-07,1.18102206824406e-07,-5.737027674967976e-05,2.3051377202510877e-08,-2.3051377202510877e-08
303.81607997042374,74275.44461118501,0.0003534888390102512,9.908136566858666e-08,2500000.0,1004.5,303.81583337668144,0.0003535879203759198,0.0,0.0002465937423039577,-9.908136566858395e-08,9.908136566858666e-08
272.6086509554081,97921.78701130333,4.399538409657445e-05,1.0328281259410296e-07,2500000.0,1004.5,272.6253309470006,3.7293363474720906e-05,6.80530343444765e-06,-0.01667999159246847,6.702020621853547e-06,-6.702020621853547e-06
248.77328246790137,86670.89764075597,5.47512946965388e-06,1.0766241770454933e-07,2500000.0,1004.5,248.7730145176333,5.58279188735843e-06,0.0,0.000267950268067807,-1.0766241770454949e-07,1.0766241770454933e-07
295.59562496485427,7049.948149556883,0.0009969076514874315,1.1222773562085094e-07,2500000.0,1004.5,295.59534565242114,0.0009970198792230522,0.0,0.00027931243312195875,-1.1222773562075475e-07,1.1222773562085094e-07
197.494120013293,91195.4629052432,2.0267832643639918e-08,1.1698664131013081e-07,2500000.0,1004.5,197.49412646971402,1.7673642681124235e-08,1.195808312726465e-07,-6.4564210049411486e-06,2.594189962515683e-09,-2.594189962515686e-09
271.40610099655703,16147.364954394197,0.0002769972893618339,1.2194734366967383e-07,2500000.0,1004.5,271.58000235618755,0.0002071237230622916,6.999551364321196e-05,-0.1739013596305199,6.987356629954228e-05,-6.987356629954228e-05
264.33405494630006,42256.88373006265,1.4412847517172304e-05,1.2711839968690301e-07,2500000.0,1004.5,264.3337385739763,1.4539965916859207e-05,0.0,0.00031637232376624524,-1.271183996869026e-07,1.2711839968690301e-07
311.1766306492717,15912.249396775995,0.0035872190803371887,1.325087291997954e-07,2500000.0,1004.5,313.62321808233855,0.002604180249730943,0.0009831713393354453,-2.4465874330668385,0.0009830388306062456,-0.0009830388306062456
255.65633002884164,97498.24617730796,1.3895848621842396e-05,1.3812763028320095e-07,2500000.0,1004.5,255.6662486219324,9.910557917979463e-06,4.1234183341461335e-06,-0.009918593090759487,3.985290703862932e-06,-3.985290703862932e-06
278.4082270535635,2615.2543363774953,5.141731794390407e-05,1.4398479528760096e-07,2500000.0,1004.5,278.40786870414763,5.1561302739191676e-05,0.0,0.00035834941587609137,-1.4398479528760308e-07,1.4398479528760096e-07
235.57644107385238,60837.64219663282,1.2462670707429908e-06,1.5009032755797365e-07,2500000.0,1004.5,235.5760675289854,1.3963573983009645e-06,0.0,0.00037354486698859546,-1.5009032755797365e-07,1.5009032755797365e-07
315.5102012497883,58783.39374520156,0.0009529615006587035,1.564547588616096e-07,2500000.0,1004.5,315.6783081778048,0.0008854161369816574,6.770181843590768e-05,-0.1681069280165275,6.754536367704607e-05,-6.754536367704607e-05
288.9841559455405,8927.636788363296,0.00018822411776690112,1.6308906755493341e-07,2500000.0,1004.5,288.98375004940425,0.00018838720683445607,0.0,0.0004058961362716218,-1.630890675549451e-07,1.6308906755493341e-07
232.98003634108267,39553.27533513797,1.3711217796298423e-06,1.7000469752067182e-07,2500000.0,1004.5,232.9796132333238,1.5411264771505141e-06,0.0,0.0004231077588769949,-1.7000469752067185e-07,1.7000469752067182e-07
246.88202435161662,34909.09760216883,1.2392191832861954e-05,1.7721357790803585e-07,2500000.0,1004.5,246.88158330239335,1.256940541076999e-05,0.0,0.0004410492232693741,-1.7721357790803646e-07,1.7721357790803585e-07
241.8590762673603,14376.034527328804,2.4412508993986268e-05,1.847281437099636e-07,2500000.0,1004.5,241.87125867129612,1.9517619092580653e-05,5.079618045115578e-06,-0.012182403935810271,4.8948899014056145e-06,-4.8948899014056145e-06
210.44409914132868,38359.10135836204,1.2899333409023843e-07,1.9256135721291986e-07,2500000.0,1004.5,210.44387689844402,2.182905251473619e-07,1.032641661557964e-07,0.0002222428846607727,-8.929719105712347e-08,8.929719105712347e-08
315.79173971907244,65681.92578965568,0.0011814676087989503,2.0072673035625723e-07,2500000.0,1004.5,316.7309765902175,0.0008040822339728764,0.0003775861015564302,-0.9392368711450558,0.000377385374826074,-0.000377385374826074
229.9124880277642,34913.54467198004,9.447876061339661e-07,2.092383480396979e-07,2500000.0,1004.5,229.9119672752803,1.154025954173664e-06,0.0,0.0005207524839079269,-2.0923834803969792e-07,2.092383480396979e-07
246.86085814225788,52034.93739915812,1.0609115896392099e-05,2.18110892419152e-07,2500000.0,1004.5,246.86587782159066,8.592208740486439e-06,2.235018048324812e-06,-0.005019679332775695,2.0169071559056603e-06,-2.0169071559056603e-06
276.6484667402776,24515.077573107326,0.0002347064266568239,2.2735966823277197e-07,2500000.0,1004.5,276.73703777234186,0.00019911858597340687,3.5815200351649816e-05,-0.08857103206423744,3.558784068341704e-05,-3.558784068341704e-05
195.73348993433666,19699.60502602681,7.45205740242035e-08,2.3700062920093305e-07,2500000.0,1004.5,195.73349742264023,7.15117736555452e-08,2.4000942956959136e-07,-7.488303566560717e-06,3.008800368658305e-09,-3.0088003686583184e-09
215.21273520623132,18386.418656684447,5.355225886220973e-07,2.470504055456825e-07,2500000.0,1004.5,215.2121203470836,7.825729941677799e-07,0.0,0.0006148591477028731,-2.4705040554568257e-07,2.470504055456825e-07
238.25320578075676,92916.46076536059,1.5941106875037066e-06,2.575263326771204e-07,2500000.0,1004.5,238.25256484911745,1.851637020180827e-06,0.0,0.0006409316393103381,-2.5752633267712035e-07,2.575263326771204e-07
264.9092171733855,93403.45444617722,3.896426040071771e-06,2.684464810961965e-07,2500000.0,1004.5,264.90854906367645,4.164872521167968e-06,0.0,0.0006681097090677213,-2.684464810961969e-07,2.684464810961965e-07
231.7934978595628,93482.1543768427,1.0191500675293786e-06,2.798296875655116e-07,2500000.0,1004.5,231.79329489691733,1.1007004584764108e-06,1.982792966184794e-07,0.0002029626454600475,-8.15503909470322e-08,8.15503909470322e-08
311.06374712015037,77912.09976070175,0.00041243157976647923,2.916955876018799e-07,2500000.0,1004.5,311.0630211480558,0.0004127232753540811,0.0,0.0007259720945853587,-2.9169558760186887e-07,2.916955876018799e-07
310.6798614363428,13904.263676530652,0.0002523419959666415,3.0406464934670685e-07,2500000.0,1004.5,310.6791046801224,0.00025264606061598823,0.0,0.0007567562203689704,-3.0406464934671024e-07,3.0406464934670685e-07
286.6745768283753,65369.40334048811,0.00021778432572331638,3.169582088726115e-07,2500000.0,1004.5,286.8497890393826,0.00014738405934058035,7.071722459160864e-05,-0.175212211007306,7.040026638273602e-05,-7.040026638273602e-05
236.24185952732813,44587.58886134301,2.8307138269060697e-06,3.3039850698718617e-07,2500000.0,1004.5,236.24103723139237,3.161112333893256e-06,0.0,0.0008222959357624404,-3.303985069871861e-07,3.3039850698718617e-07
234.59800566030563,18892.760084816186,2.344339310232766e-06,3.4440872759738236e-07,2500000.0,1004.5,234.59714849572725,2.6887480378301485e-06,0.0,0.0008571645783774784,-3.444087275973823e-07,3.4440872759738236e-07
250.12761139603109,91467.53519337701,5.312052209505727e-06,3.5901303770070683e-07,2500000.0,1004.5,250.1267178842399,5.671065247206434e-06,0.0,0.000893511791190349,-3.590130377007072e-07,3.5901303770070683e-07
246.4404260681202,49973.66310724556,1.1843038371080988e-05,3.7423662907219844e-07,2500000.0,1004.5,246.44847279015246,8.609865458515195e-06,3.607409541637991e-06,-0.008046722032275966,3.2331729125657924e-06,-3.2331729125657924e-06
234.5091844142152,62441.00747027585,2.05136182185202e-06,3.9010576171909933e-07,2500000.0,1004.5,234.5088655134751,2.1794961392357442e-06,2.6197144433537524e-07,0.0003189007401260824,-1.281343173837241e-07,1.281343173837241e-07
248.34124599150095,75690.16594906813,3.0463876970747205e-06,4.0664780917818624e-07,2500000.0,1004.5,248.34023392627154,3.4530355062529067e-06,0.0,0.001012065229417658,-4.0664780917818624e-07,4.0664780917818624e-07
311.34381321557953,18469.286623352044,0.0013054270966675195,4.238913057338783e-07,2500000.0,1004.5,311.34275823472905,0.0013058509879732534,0.0,0.001054980850483389,-4.2389130573390957e-07,4.238913057338783e-07
221.7428770377503,48146.00832578324,8.302440959321255e-07,4.4186599563859413e-07,2500000.0,1004.5,221.74317122584387,7.120393199391873e-07,5.600707716315324e-07,-0.0002941880935622976,1.1820477599293823e-07,-1.1820477599293829e-07
233.23550977303952,78009.20778161663,5.376392405181823e-07,4.6060288442024075e-07,2500000.0,1004.5,233.23436342439737,9.98242124938423e-07,0.0,0.0011463486421519065,-4.6060288442024075e-07,4.6060288442024075e-07
270.9356696773082,58923.20877966979,1.8906327137553566e-05,4.801342923653455e-07,2500000.0,1004.5,270.9344747188902,1.9386461429918913e-05,0.0,0.001194958418011538,-4.801342923653466e-07,4.801342923653455e-07
246.97421469332545,63058.97168051349,2.034869840236455e-06,5.004939102700954e-07,2500000.0,1004.5,246.97296906388226,2.53536375050655e-06,0.0,0.001245629443189955,-5.004939102700954e-07,5.004939102700954e-07
295.7050466301182,40038.23757346181,0.0002941080634773441,5.217168575554355e-07,2500000.0,1004.5,295.7037481809954,0.00029462978033489954,0.0,0.0012984491228280604,-5.217168575554301e-07,5.217168575554355e-07
224.9990543034538,45003.22354638331,3.7962235773706005e-07,5.438397428464801e-07,2500000.0,1004.5,224.99770079488522,9.234621005835401e-07,0.0,0.0013535085685703052,-5.438397428464801e-07,5.438397428464801e-07
277.79425702107346,13075.425393043903,0.00028034753449654557,5.669007271207434e-07,2500000.0,1004.5,277.79284611831804,0.0002809144352236663,0.0,0.0014109027554241038,-5.669007271207321e-07,5.669007271207434e-07
245.35893087941395,31380.93921486852,8.57568022263687e-06,5.909395895340976e-07,2500000.0,1004.5,245.3574601487282,9.166619812170967e-06,0.0,0.0014707306857530966,-5.909395895340975e-07,5.909395895340976e-07
293.76666993518313,96344.61573447514,0.00015664051237852892,6.159977960380168e-07,2500000.0,1004.5,293.76639575099847,0.00015675067958393447,5.058305906324653e-07,0.0002741841846614079,-1.101672054055515e-07,1.101672054055515e-07
190.09913092872299,66649.28479585842,8.245661244325873e-10,6.421185709064758e-07,2500000.0,1004.5,190.0991183902312,5.862532117513965e-09,6.370806049133944e-07,1.2538491773739224e-05,-5.037965993081378e-09,5.03796599308136e-09
194.98434950285312,16942.556702750313,6.723849800221577e-08,6.693469712958667e-07,2500000.0,1004.5,194.9843215089846,7.848643437237922e-08,6.580990349257032e-07,2.7993868513931375e-05,-1.1247936370163445e-08,1.1247936370163485e-08
269.7913257988747,78353.94587467123,5.222010323262516e-06,6.977299649665538e-07,2500000.0,1004.5,269.78958928826006,5.91974028822907e-06,0.0,0.0017365106146485232,-6.977299649665535e-07,6.977299649665538e-07
308.3787863068301,79082.99348897752,0.00042332737977413687,7.273165113001469e-07,2500000.0,1004.5,308.37697616120715,0.000424054696285437,0.0,0.0018101456229260293,-7.27316511300142e-07,7.273165113001469e-07
300.9884141264755,73590.34236820025,3.5642572856399614e-05,7.581576457522118e-07,2500000.0,1004.5,300.98652722342484,3.640073050215183e-05,0.0,0.0018869030506607487,-7.581576457522146e-07,7.581576457522118e-07
274.45410916140713,69164.78075269725,8.762294050302279e-05,7.903065678861348e-07,2500000.0,1004.5,274.52198443590737,6.035065520881667e-05,2.8062591862092255e-05,-0.06787527450023845,2.727228529420612e-05,-2.727228529420612e-05
218.48538760274332,36506.712308959366,7.873923014985477e-07,8.238187331399617e-07,2500000.0,1004.5,218.48575312361106,6.405260168439256e-07,9.706850177945839e-07,-0.0003655208677457722,1.4686628465462212e-07,-1.4686628465462212e-07
293.0706982865871,71702.38917343604,0.00023102856910476116,8.587519484845179e-07,2500000.0,1004.5,293.1435233307742,0.00020176746635038587,3.01198547028598e-05,-0.07282504418708413,2.9261102754375284e-05,-2.9261102754375284e-05
262.2814189466684,88039.95736577208,8.402518205948149e-06,8.951664721378301e-07,2500000.0,1004.5,262.2791910559961,9.297684678085979e-06,0.0,0.0022278906723158798,-8.951664721378299e-07,8.951664721378301e-07
294.6356649444829,59732.50261572532,5.952740312520076e-05,9.33125117507826e-07,2500000.0,1004.5,294.6333425823189,6.046052824270858e-05,0.0,0.0023223621640227066,-9.33125117507825e-07,9.33125117507826e-07
306.83430548114734,37711.739044418,1.3120385987377575e-05,9.726933615426177e-07,2500000.0,1004.5,306.8318846415218,1.4093079348920193e-05,0.0,0.00242083962552897,-9.726933615426177e-07,9.726933615426177e-07
227.7044496112255,24969.13920804599,7.532599881057561e-07,1.0139394576752918e-06,2500000.0,1004.5,227.70192611829947,1.7671994457810478e-06,0.0,0.0025234929260307126,-1.0139394576752918e-06,1.0139394576752918e-06
216.86325573322026,14435.82589755721,4.085459575058884e-07,1.0569345535579894e-06,2500000.0,1004.5,216.8609612659132,1.3304629214821327e-06,1.3501758958174513e-07,0.002294467307052628,-9.219169639762443e-07,9.219169639762443e-07
305.23146614159964,83167.02604130805,2.9147494748143764e-05,1.1017528137883874e-06,2500000.0,1004.5,305.22872409875794,3.024924756193215e-05,0.0,0.002742042841703096,-1.101752813788387e-06,1.1017528137883874e-06
288.81276608001735,43824.94980094306,0.0003765802208865337,1.148471547840289e-06,2500000.0,1004.5,289.1217075018811,0.00025244755758169603,0.00012528113485267794,-0.30894142186372164,0.00012413266330483765,-0.00012413266330483765
266.3478978238585,29789.33793588335,5.504045228762948e-05,1.1971713434189682e-06,2500000.0,1004.5,266.34491830334224,5.623762363104845e-05,0.0,0.0029795205162486127,-1.197171343418968e-06,1.1971713434189682e-06
271.08495452441184,67859.9619992943,1.8566911778811264e-05,1.2479362054713115e-06,2500000.0,1004.5,271.0818486602867,1.9814847984282575e-05,0.0,0.0031058641251320296,-1.2479362054713115e-06,1.2479362054713115e-06
284.2592139848625,85660.48263504081,4.6356188979242955e-05,1.3008537010905732e-06,2500000.0,1004.5,284.2559764196532,4.7657042680333525e-05,0.0,0.003237565209303739,-1.3008537010905709e-06,1.3008537010905732e-06
211.50880051229822,11000.21870193233,2.3379417558770813e-07,1.3560151105656348e-06,2500000.0,1004.5,211.50719459469715,8.790518676994724e-07,7.107574184538706e-07,0.0016059176010685405,-6.452576921117642e-07,6.452576921117642e-07
208.43227985166098,4126.6156320208465,4.731938597523111e-07,1.4135155848353957e-06,2500000.0,1004.5,208.42963503297233,1.5358820088494156e-06,3.5082743573829127e-07,0.002644818688651185,-1.0626881490971044e-06,1.0626881490971044e-06
262.3798462591338,11684.083873332786,2.6736871772681258e-05,1.4734543096198372e-06,2500000.0,1004.5,262.37617912546125,2.8210326082301097e-05,0.0,0.003667133672536238,-1.473454309619839e-06,1.4734543096198372e-06
260.1537020547556,21171.197408337604,9.062274767575661e-05,1.5359346765108985e-06,2500000.0,1004.5,260.21450715190355,6.619125964172535e-05,2.596742271054216e-05,-0.06080509714792015,2.443148803403126e-05,-2.443148803403126e-05
215.8079558727525,24130.463738272207,2.7845350322002354e-07,1.6010644613183177e-06,2500000.0,1004.5,215.8069104424143,6.985074131028829e-07,1.1810105514354584e-06,0.0010454303381948193,-4.2005390988285937e-07,4.2005390988285926e-07
296.18623926009565,28511.081848570997,0.0004207677609004632,1.6689560099780266e-06,2500000.0,1004.5,296.18208556171345,0.0004224367169104412,0.0,0.004153698382197035,-1.668956009978021e-06,1.6689560099780266e-06
203.97199518262295,93647.71929979826,3.332830465544902e-08,1.7397264323438024e-06,2500000.0,1004.5,203.97198847876368,3.6021915308978e-08,1.7370328216902734e-06,6.703859270373869e-06,-2.6936106535289775e-09,2.6936106535290105e-09
205.91875413550213,5950.633503528728,9.356629801507583e-07,1.8134978041964953e-06,2500000.0,1004.5,205.91922629000416,7.459513012291585e-07,2.003209483118095e-06,-0.00047215450203452747,1.8971167892159977e-07,-1.8971167892159966e-07
299.53834574453754,94806.91094479032,0.0002579843713895909,1.8903973778192234e-06,2500000.0,1004.5,299.61886331874825,0.00022563241007171622,3.424235869569391e-05,-0.0805175742107167,3.2351961317874685e-05,-3.2351961317874685e-05
316.38171445573477,5777.5403468419045,0.009563627374648132,1.9705578015018005e-06,2500000.0,1004.5,316.39179153708534,0.009559578403361465,6.019529088168767e-06,-0.01007708135057328,4.048971286666966e-06,-4.048971286666966e-06
296.8020896161003,62401.35856484244,5.096862752993209e-05,2.0541173483530643e-06,2500000.0,1004.5,296.7969773280258,5.302274487828515e-05,0.0,0.005112288074542448,-2.0541173483530647e-06,2.0541173483530643e-06
270.11357836718423,69344.69599845281,7.5301735308203055e-06,2.1412201548157317e-06,2500000.0,1004.5,270.10824929761026,9.671393685636038e-06,0.0,0.005329069573974721,-2.1412201548157325e-06,2.1412201548157317e-06
203.27319438873462,22151.667096628156,9.285789450392889e-10,2.2320164692952345e-06,2500000.0,1004.5,203.27285239025343,1.3834356868748067e-07,2.094601479552793e-06,0.00034199848118987575,-1.3741498974244137e-07,1.3741498974244153e-07
193.9564004385813,52855.64310499175,3.258301023862116e-08,2.326662911331458e-06,2500000.0,1004.5,193.95642436836252,2.2968024153706035e-08,2.336277897416373e-06,-2.392978120724365e-05,9.614986084915122e-09,-9.61498608491529e-09
310.87599275603657,52018.092921748226,0.0007572672532721741,2.4253227417603553e-06,2500000.0,1004.5,310.86995661183107,0.0007596925760139344,0.0,0.006036144205495475,-2.42532274176031e-06,2.4253227417603553e-06
317.48953588073846,53705.462615929675,0.0013665097694211762,2.5281661443315005e-06,2500000.0,1004.5,318.2160674474797,0.0010745893859045528,0.0002944485496609549,-0.7265315667412438,0.0002919203835166234,-0.0002919203835166234
217.77478531393837,37335.11469763493,7.44208502731254e-08,2.6353705192673987e-06,2500000.0,1004.5,217.77353971160179,5.749038691137015e-07,2.1348875004268225e-06,0.0012456023365814417,-5.004830188405762e-07,5.004830188405762e-07
208.12444513754448,68605.74646623645,4.583450228190097e-08,2.7471207892708145e-06,2500000.0,1004.5,208.12433902431658,8.847079725003657e-08,2.7044844943026787e-06,0.00010611322790055056,-4.2636294968135603e-08,4.2636294968135756e-08
317.9969573502363,36853.76905120264,0.0008965557530426024,2.863609718508116e-06,2500000.0,1004.5,317.98983039722856,0.0008994193627611105,0.0,0.007126953007741577,-2.86360971850808e-06,2.863609718508116e-06
295.50123146094137,44551.05656783031,1.877852998509194e-05,2.9850382451187353e-06,2500000.0,1004.5,295.4938022965683,2.1763568230210675e-05,0.0,0.0074291643730930446,-2.9850382451187345e-06,2.9850382451187353e-06
291.0881126580384,42893.1582283339,0.0003623342650260586,3.111615827824363e-06,2500000.0,1004.5,291.2481086743648,0.00029804786566611324,6.739801518776975e-05,-0.1599960163263745,6.428639935994538e-05,-6.428639935994538e-05
202.76848640976675,46559.02906365477,7.412390271331123e-08,3.2435608072358114e-06,2500000.0,1004.5,202.76851783094781,6.149887216035602e-08,3.2561858377887664e-06,-3.1421181063251424e-05,1.2625030552955216e-08,-1.2625030552955018e-08
253.62233128328643,35027.003754818536,1.1688023320135938e-05,3.381100782480689e-06,2500000.0,1004.5,253.6139163983126,1.5069124102616627e-05,0.0,0.00841488497383125,-3.381100782480689e-06,3.381100782480689e-06
264.0930385840594,23675.76340986828,0.00011773967673471382,3.524473003801588e-06,2500000.0,1004.5,264.18442943569903,8.101883254591619e-05,4.024531719259922e-05,-0.09139085163963045,3.672084418879763e-05,-3.672084418879763e-05
280.73075940879016,75381.49149654337,8.616861094887784e-05,3.6739247818020742e-06,2500000.0,1004.5,280.73127034638054,8.59633162250616e-05,3.87921950561831e-06,-0.0005109375903771252,2.052947238162365e-07,-2.052947238162361e-07
261.82103324609557,81202.75623780159,2.8656361251113917e-05,3.829713914046285e-06,2500000.0,1004.5,261.84324006216906,1.9733662552782043e-05,1.275241261237816e-05,-0.022206816073492064,8.922698698331875e-06,-8.922698698331875e-06
274.1467083572724,73724.41095506371,1.1935117616519062e-05,3.992109129748054e-06,2500000.0,1004.5,274.13677279448063,1.5927226746267116e-05,0.0,0.00993556279178165,-3.9921091297480544e-06,3.992109129748054e-06
239.76720612710548,18800.992935816656,1.454712407930702e-05,4.161390553316707e-06,2500000.0,1004.5,239.77303529823783,1.2204963118330777e-05,6.50355151429295e-06,-0.00582917113234771,2.3421609609762428e-06,-2.3421609609762428e-06
319.5608850244876,84869.51263896599,0.00048512541669975585,4.337850187558994e-06,2500000.0,1004.5,319.55008898121343,0.0004894632668873149,0.0,0.010796043274183376,-4.337850187559008e-06,4.337850187558994e-06
203.4764654331665,66230.79793747427,3.915631000222803e-09,4.521792417370702e-06,2500000.0,1004.5,203.47635678361559,4.7571020565437594e-08,4.478137027805487e-06,0.00010864955092415585,-4.3655389565214793e-08,4.365538956521488e-08
216.53430832739312,13249.274641771053,5.874739985543442e-07,4.7135345347869164e-06,2500000.0,1004.5,216.5323057480653,1.3921103724732203e-06,3.90889816086804e-06,0.0020025793278080073,-8.046363739188761e-07,8.046363739188762e-07
225.48739249170933,4236.747703806483,6.700363216154615e-06,4.9134072862963665e-06,2500000.0,1004.5,225.47516400169863,1.1613770502450981e-05,0.0,0.012228490010699034,-4.9134072862963665e-06,4.9134072862963665e-06
247.0868362657864,78239.95202531971,7.819461666091184e-06,5.121755443364241e-06,2500000.0,1004.5,247.09177992408695,5.833099760928071e-06,7.108117348527354e-06,-0.0049436583005615375,1.9863619051631126e-06,-1.9863619051631126e-06
197.57149965947775,44593.67233778361,4.185168341891595e-08,5.338938397147361e-06,2500000.0,1004.5,197.5715132969025,3.637216615535836e-08,5.344417914410918e-06,-1.3637424757462213e-05,5.479517263557592e-09,-5.479517263557175e-09
244.2795171901439,79205.9609165007,1.2014396367634895e-06,5.565330778427652e-06,2500000.0,1004.5,244.2714326007433,4.449827657919254e-06,2.316942757271887e-06,0.008084589400596087,-3.248388021155765e-06,3.248388021155765e-06
275.3050130845588,87780.31049792584,3.8256644908353765e-05,5.801323103833378e-06,2500000.0,1004.5,275.2905747493079,4.405796801218714e-05,0.0,0.014438335250929413,-5.801323103833376e-06,5.801323103833378e-06
236.04813366574277,39086.531483649116,5.296977419666264e-06,6.0473224494626554e-06,2500000.0,1004.5,236.05119395235238,4.067354259920318e-06,7.276945609208602e-06,-0.00306028660961033,1.2296231597459462e-06,-1.2296231597459462e-06
297.64918918056867,62311.06424813005,8.097972629489539e-05,6.3037531530712815e-06,2500000.0,1004.5,297.6335003972111,8.728347944796666e-05,0.0,0.015688783357575176,-6.303753153071278e-06,6.3037531530712815e-06
259.8333807218832,85889.62886754004,2.045871512755716e-05,6.57105754603627e-06,2500000.0,1004.5,259.8447370692748,1.589573474560313e-05,1.11340379279903e-05,-0.01135634739159741,4.562980381954029e-06,-4.562980381954029e-06
233.160351784421,26973.955502765104,4.918915189604387e-06,6.849696716357454e-06,2500000.0,1004.5,233.1616561238296,4.39483161523271e-06,7.373780290729131e-06,-0.0013043394085912041,5.240835743716769e-07,-5.240835743716769e-07
296.1362715795134,97064.3929044937,6.661138839448029e-05,7.140151304013403e-06,2500000.0,1004.5,296.1185011681047,7.375153969849369e-05,0.0,0.017770411408719156,-7.140151304013402e-06,7.140151304013403e-06
211.4611320113659,63037.39938707117,7.683837725438213e-08,7.4429223300437575e-06,2500000.0,1004.5,211.46094390388052,1.524199648720971e-07,7.367340742426043e-06,0.00018810748537134714,-7.558158761771496e-08,7.558158761771485e-08
251.08145187012497,48669.45942618938,1.2351158588211393e-06,7.758532060787844e-06,2500000.0,1004.5,251.06214243244256,8.993647919608983e-06,0.0,0.019309437682409225,-7.758532060787844e-06,7.758532060787844e-06
249.0640390531056,24699.74942823628,2.250510259627928e-05,8.087524908770457e-06,2500000.0,1004.5,249.06509459007384,2.2080987842437233e-05,8.511639662612504e-06,-0.0010555369682379023,4.241147538420468e-07,-4.241147538420468e-07
286.31470621033856,51706.7304708825,0.0001397814997285137,8.430468371788967e-06,2500000.0,1004.5,286.29372445729774,0.00014821196810030268,0.0,0.02098175304081451,-8.43046837178897e-06,8.430468371788967e-06
272.7581827859935,28797.806993488022,2.6960830227812225e-05,8.787954011821328e-06,2500000.0,1004.5,272.73631132254945,3.574878423963355e-05,0.0,0.021871463444028905,-8.787954011821326e-06,8.787954011821328e-06
241.7627779936891,72783.56944045963,1.7646776543472023e-06,9.16059847544371e-06,2500000.0,1004.5,241.7576632932988,3.819764271163307e-06,7.105511858627604e-06,0.005114700390294047,-2.055086616816105e-06,2.055086616816105e-06
259.8132818026214,71448.91987198032,1.981279920577523e-05,9.549044557518097e-06,2500000.0,1004.5,259.81511214292334,1.9077368472456052e-05,1.0284475290837276e-05,-0.0018303403019217512,7.354307333191791e-07,-7.354307333191791e-07
321.96614204663274,43199.2347341313,0.0017535057997403064,9.953962309984244e-06,2500000.0,1004.5,322.1515683685312,0.001679001503601505,8.445825844878563e-05,-0.1854263218984329,7.450429613880139e-05,-7.450429613880139e-05
300.56478673543455,60172.30803448119,0.00017079029059950966,1.0376050197669118e-05,2500000.0,1004.5,300.5389628175708,0.00018116634079717877,0.0,0.025823917863760926,-1.0376050197669111e-05,1.0376050197669118e-05
219.95749914591602,90334.73517615895,2.8585035512587545e-07,1.0816036303107116e-05,2500000.0,1004.5,219.9574432488159,3.083098099469324e-07,1.0793576848286058e-05,5.589710011122406e-05,-2.245945482105697e-08,2.245945482105771e-08
277.53603830576793,83447.38822098209,4.250270569812614e-05,1.1274679582449472e-05,2500000.0,1004.5,277.50797787873347,5.3777385280575615e-05,0.0,0.0280604270344611,-1.1274679582449472e-05,1.1274679582449472e-05
286.74291012786233,32250.12962896101,3.775206750785695e-07,1.1752771174629452e-05,2500000.0,1004.5,286.7136598262829,1.2130291849708021e-05,0.0,0.029250301579452298,-1.1752771174629452e-05,1.1752771174629452e-05
239.5325038073903,65922.18910472623,2.256517946423454e-06,1.2251135766041203e-05,2500000.0,1004.5,239.52965208850617,3.402338594066745e-06,1.1105315118397911e-05,0.002851718884130605,-1.1458206476432912e-06,1.145820647643292e-06
225.65142471417363,74615.16204512792,4.927810968796396e-07,1.2770633013086447e-05,2500000.0,1004.5,225.6508748437147,7.137190472775281e-07,1.2549695062688559e-05,0.0005498704589399495,-2.2093795039788853e-07,2.2093795039788832e-07
272.81697814177704,24618.743258686474,8.4059960012228e-05,1.3312159025043077e-05,2500000.0,1004.5,272.7838468350945,9.737211903727108e-05,0.0,0.03313130668254871,-1.3312159025043077e-05,1.3312159025043077e-05
296.4945782867211,66331.48206014762,0.00016241744054359007,1.3876647909813099e-05,2500000.0,1004.5,296.4600420798774,0.00017629408845340317,0.0,0.03453620684371117,-1.3876647909813109e-05,1.3876647909813099e-05
207.57454888085,88037.82218390964,3.20207797168663e-08,1.4465073385216472e-05,2500000.0,1004.5,207.57446980376284,6.379395333789089e-08,1.4433300211595447e-05,7.907708715038098e-05,-3.177317362102459e-08,3.1773173621025335e-08
237.9077510789305,43845.52108134182,2.3217239472984913e-06,1.507845045861051e-05,2500000.0,1004.5,237.90267125192776,4.36279843699504e-06,1.3037375968913961e-05,0.005079827002731463,-2.0410744896965486e-06,2.041074489696549e-06
252.33576719614967,54572.41842523142,1.9629561870708666e-05,1.5717837177731644e-05,2500000.0,1004.5,252.35144678468757,1.3329503196186185e-05,2.2017895852254124e-05,-0.01567958853789264,6.300058674522481e-06,-6.300058674522479e-06
282.8093068280683,90516.13993514689,6.732704802832612e-05,1.6384336455779847e-05,2500000.0,1004.5,282.77176012873576,8.241331182013749e-05,1.2980726639684839e-06,0.037546699332551725,-1.5086263791811363e-05,1.5086263791811363e-05
218.06126944786283,46800.52290448766,6.810711505165794e-08,1.7079097973894304e-05,2500000.0,1004.5,218.06025729299708,4.7479094011199205e-07,1.667241414883397e-05,0.0010121548657480162,-4.066838250603341e-07,4.066838250603341e-07
238.07263053511662,49575.95048635065,2.1614834319696402e-07,1.7803320164301157e-05,2500000.0,1004.5,238.06340805157086,3.921742231883908e-06,1.4097726275614213e-05,0.009222483545755722,-3.705593888686944e-06,3.705593888686944e-06
292.9264420265878,42078.61621997507,0.00017424163112214218,1.8558252277555187e-05,2500000.0,1004.5,292.88025424092933,0.00019279988339969737,0.0,0.0461877856584465,-1.855825227755519e-05,1.8558252277555187e-05
283.20310436239924,39223.08571621813,1.2276598257380172e-05,1.9345196537440482e-05,2500000.0,1004.5,283.1549580295534,3.162179479482066e-05,0.0,0.0481463328458176,-1.9345196537440485e-05,1.9345196537440482e-05
204.7162973889602,13441.458175858292,4.1562179633793466e-07,2.0165510387247484e-05,2500000.0,1004.5,204.71663865200395,2.785023053479004e-07,2.030262987823752e-05,-0.0003412630437651387,1.3711949099003424e-07,-1.371194909900351e-07
205.8631213589946,10809.56857313991,3.5655211898506947e-07,2.1020608831301582e-05,2500000.0,1004.5,205.86299479135099,4.0740699818360205e-07,2.096975395210305e-05,0.00012656764360485795,-5.0854879198532584e-08,5.0854879198532796e-08
292.1957603016026,14516.880563501603,0.0013715632655503195,2.191196687578152e-05,2500000.0,1004.5,293.25756886355754,0.0009449285853568221,0.00044854664706927893,-1.0618085619549333,0.0004266346801934974,-0.0004266346801934974
295.9927699169369,53378.23826497838,0.0002348069917824047,2.2841122073038256e-05,2500000.0,1004.5,295.935922923226,0.00025764811385544295,0.0,0.056846993710905735,-2.2841122073038236e-05,2.2841122073038256e-05
210.6401503025991,24031.866317045587,4.277758443059379e-07,2.3809677173803582e-05,2500000.0,1004.5,210.6403243178842,3.578565027485532e-07,2.3879596515360968e-05,-0.00017401528509708442,6.991934155738471e-08,-6.99193415573855e-08
291.0627023803235,27356.99968190419,0.000517219581346819,2.481930289186258e-05,2500000.0,1004.5,291.1884600487362,0.0004666901501786103,7.534873406007126e-05,-0.12575766841268887,5.052943116820867e-05,-5.052943116820868e-05
238.80523460324295,34991.766222564154,2.190439052575965e-06,2.5871740785959237e-05,2500000.0,1004.5,238.795826130023,5.970763592354444e-06,2.209141624618076e-05,0.009408473219963298,-3.780324539778479e-06,3.7803245397784786e-06
300.8731889567032,27307.22506127777,0.000878303001372812,2.6968806263906926e-05,2500000.0,1004.5,300.9484848712579,0.0008480491029047246,5.722270473199434e-05,-0.07529591455471518,3.0253898468087415e-05,-3.0253898468087415e-05
225.46363218450404,8746.792434875528,2.0021590518734918e-07,2.811239171408467e-05,2500000.0,1004.5,225.4492886969291,5.9634292127906435e-06,2.2349178406481373e-05,0.014343487574933533,-5.763213307603294e-06,5.763213307603296e-06
245.88584047734142,90207.77344122124,4.117490892923199e-06,2.9304469769721444e-05,2500000.0,1004.5,245.88480557397705,4.533315064728063e-06,2.888864559791658e-05,0.0010349033643706207,-4.1582417180486343e-07,4.158241718048643e-07
249.30303528346076,83914.1921529357,7.76120347587528e-06,3.0547096711599745e-05,2500000.0,1004.5,249.30582736098083,6.639346728315242e-06,3.166895345915978e-05,-0.0027920775200698245,1.1218567475600371e-06,-1.1218567475600337e-06
277.0680843262054,50237.83007256183,7.692527572490584e-05,3.184241601504656e-05,2500000.0,1004.5,277.01049083831646,0.00010006633915867022,8.701352581282174e-06,0.057593487888937034,-2.3141063433764386e-05,2.3141063433764386e-05
266.05706672763824,38362.0228725231,6.755039211589662e-06,3.31926620473319e-05,2500000.0,1004.5,265.97445681711724,3.994770125892156e-05,0.0,0.08260991052100053,-3.31926620473319e-05,3.31926620473319e-05
261.9185068553856,26660.471836536824,2.236690882253882e-05,3.460016392185116e-05,2500000.0,1004.5,261.8323939536388,5.696707274438998e-05,0.0,0.08611290174678743,-3.460016392185116e-05,3.460016392185116e-05
267.2861524303586,62860.232032709806,2.7472347495353724e-05,3.6067349515740317e-05,2500000.0,1004.5,267.2573223902335,3.9056257617611624e-05,2.4483439393482417e-05,0.028830040125058076,-1.15839101222579e-05,1.15839101222579e-05
270.2898969188566,98822.39647519123,3.5368917753275615e-05,3.759674965785468e-05,2500000.0,1004.5,270.3003961750325,3.115031662179139e-05,4.18153507893389e-05,-0.01049925617593317,4.218601131484223e-06,-4.218601131484223e-06
277.0684534697025,26187.243408633407,0.00012186656404693462,3.91910024943341e-05,2500000.0,1004.5,276.97091488708844,0.00016105756654126872,0.0,0.09753858261404957,-3.9191002494334097e-05,3.91910024943341e-05
233.7791025147505,23246.39770081289,3.447983042390061e-06,4.0852858039285654e-05,2500000.0,1004.5,233.77415975039364,5.433985760979314e-06,3.88668553206964e-05,0.004942764356854923,-1.986002718589253e-06,1.9860027185892538e-06
276.1930542548489,34389.92220952618,1.4113635275243616e-05,4.258518291843414e-05,2500000.0,1004.5,276.08706823464377,5.669881819367776e-05,0.0,0.10598602020513681,-4.258518291843414e-05,4.258518291843414e-05
262.22664792717546,67421.58441674995,2.550511995478756e-05,4.4390965313921754e-05,2500000.0,1004.5,262.2290278405265,2.454887077034253e-05,4.534721449836678e-05,-0.0023799133510351567,9.562491844450294e-07,-9.56249184445026e-07
309.7671899232703,12800.886278049957,0.0012835428082835845,4.6273320118786936e-05,2500000.0,1004.5,309.65202486573224,0.0013298161284023714,0.0,0.11516505753803585,-4.6273320118786834e-05,4.6273320118786936e-05
257.86535941049357,33983.91041692831,4.941857504706871e-06,4.8235494310014675e-05,2500000.0,1004.5,257.79256475150953,3.419075148449302e-05,1.898660033022853e-05,0.07279465898403714,-2.9248893979786146e-05,2.9248893979786146e-05
285.56082005240256,79975.76481972645,0.00010182414548409712,5.028087254942485e-05,2500000.0,1004.5,285.5355126968098,0.00011199264096127555,4.0112377072246424e-05,0.02530735559275854,-1.0168495477178426e-05,1.0168495477178426e-05
214.77667801383788,14373.851856979976,8.161579162492832e-07,5.2412983022060615e-05,2500000.0,1004.5,214.77614580694333,1.0299986464750513e-06,5.219914229183485e-05,0.0005322068945474712,-2.1384073022576807e-07,2.1384073022576617e-07
204.67796844006216,34734.286068878115,2.4214951514542575e-08,5.463550352214876e-05,2500000.0,1004.5,204.67776191992277,1.0719474352242105e-07,5.455252373014088e-05,0.0002065201393861571,-8.297979200787847e-08,8.297979200787937e-08
316.6244969702387,69341.88579644683,0.00018660542756594186,5.6952267797128304e-05,2500000.0,1004.5,316.4827541434663,0.00024355769536307017,0.0,0.14174282677237215,-5.695226779712831e-05,5.6952267797128304e-05
284.91046151158923,94048.27530241503,0.00011731018591092019,5.9367272160691264e-05,2500000.0,1004.5,284.9753527474885,9.123688732658315e-05,8.54405707450283e-05,-0.06489123589926749,2.6073298584337044e-05,-2.6073298584337037e-05
197.91193612420068,58689.33413812497,3.1568722756612564e-08,6.188468238624395e-05,2500000.0,1004.5,197.9119439269131,2.843359290508744e-08,6.188781751609548e-05,-7.802712417515068e-06,3.135129851525123e-09,-3.135129851528865e-09
235.76161857535405,90474.60820228544,2.2294404703237244e-06,6.4508840892677e-05,2500000.0,1004.5,235.76291805847129,1.7073081538138106e-06,6.503097320918691e-05,-0.0012994831172363774,5.221323165099138e-07,-5.221323165099142e-07
239.55540864105558,42967.38916595078,5.387131247807401e-06,6.72442742348425e-05,2500000.0,1004.5,239.55579560167897,5.231650469333167e-06,6.739975501331673e-05,-0.0003869606233877221,1.5548077847423424e-07,-1.5548077847423e-07
193.7637606845449,65966.41830809513,1.7828062238713835e-08,7.009570091165632e-05,2500000.0,1004.5,193.76376015241397,1.8041872455828917e-08,7.00954871014392e-05,5.321309402006591e-07,-2.1381021711508173e-10,2.1381021711691477e-10
192.67538397905258,54224.479579200895,1.6262461043667e-08,7.306803950529507e-05,2500000.0,1004.5,192.6753770106805,1.9062352943156766e-08,7.306523961339558e-05,6.96837207669887e-06,-2.7998918994897674e-09,2.7998918994930067e-09
293.94302559399523,48598.537883945726,0.0004051071236613357,7.616641716552892e-05,2500000.0,1004.5,294.1692107582467,0.0003142259246650841,0.00016704761616178054,-0.22618516425148982,9.088119899625162e-05,-9.088119899625162e-05
287.9477065563853,88161.76073590526,5.622784202909516e-05,7.939617845382291e-05,2500000.0,1004.5,287.79228209849674,0.00011867738920871628,1.6946631274201786e-05,0.1554244578885573,-6.244954717962112e-05,6.244954717962112e-05
267.5533897032983,46619.41038987388,5.123729954279098e-05,8.276289456246352e-05,2500000.0,1004.5,267.5471441836639,5.374674933191146e-05,8.025344477334304e-05,0.006245519634433094,-2.5094497891204787e-06,2.5094497891204855e-06
317.2055258283835,52808.719566581465,0.0011861975085580051,8.62723729246145e-05,2500000.0,1004.5,317.477527064008,0.0010769074120840784,0.00019556246939854118,-0.2720012356244865,0.00010929009647392667,-0.00010929009647392667
317.5682074107575,83710.77578316409,0.0005808248056464754,8.993066723187632e-05,2500000.0,1004.5,317.3443879303397,0.0006707554728783517,0.0,0.22381948041783062,-8.99306672318763e-05,8.993066723187632e-05
274.92266178750674,16677.275998518788,0.000247442782409911,9.374408787663e-05,2500000.0,1004.5,274.89408000281577,0.0002589269434987365,8.225992678780454e-05,0.028581784690970835,-1.1484161088825466e-05,1.1484161088825466e-05
317.706307892426,82144.55564512745,0.00024625219930727975,9.771921283717996e-05,2500000.0,1004.5,317.46310427660427,0.0003439714121444597,0.0,0.24320361582175565,-9.771921283717997e-05,9.771921283717996e-05
262.17789675394795,71866.14347604074,2.235076744808878e-05,0.00010186289902446885,2500000.0,1004.5,262.1764268988646,2.2941355220577422e-05,0.0001012723112519802,0.0014698550833713853,-5.905877724886423e-07,5.905877724886457e-07
251.65146996237732,21361.494895710148,9.818816666998244e-06,0.00010618229410993868,2500000.0,1004.5,251.59605316839324,3.208528448980008e-05,8.391582628713684e-05,0.055416793984079504,-2.2266467822801836e-05,2.226646782280184e-05
280.9588248311855,10746.321208790987,0.0007941117535791692,0.0001106848488549412,2500000.0,1004.5,281.4096299159988,0.0006129782705011819,0.0002918183319329285,-0.4508050848132825,0.00018113348307798732,-0.00018113348307798732
317.0917654671618,29845.43237577394,0.0005017575824293216,0.0001153783299629662,2500000.0,1004.5,316.8046118336054,0.0006171359123922878,0.0,0.287153633556386,-0.0001153783299629662,0.0001153783299629662
273.13274416648534,32064.387103675508,3.2254508614831004e-05,0.00012027083347685145,2500000.0,1004.5,272.9185044521748,0.00011833602582481329,3.418931626686916e-05,0.21423971431056543,-8.608151720998229e-05,8.608151720998229e-05
222.98566336978928,6053.764718645601,3.6470029760622177e-06,0.00012537079874409197,2500000.0,1004.5,222.97849454473405,6.527436883258503e-06,0.0001224903648368957,0.007168825055231309,-2.8804339071962853e-06,2.8804339071962786e-06
286.3115283277981,88647.31397659623,5.53340902481389e-06,0.00013068702297433477,2500000.0,1004.5,286.06116023169716,0.00010613131003817136,3.0089121960977304e-05,0.25036809610094224,-0.00010059790101335747,0.00010059790101335747
214.88043382182937,24333.0025695619,3.6134505455974885e-07,0.00013622867641416495,2500000.0,1004.5,214.879798827131,6.164859243703063e-07,0.0001359735355443544,0.000634994698373248,-2.5514086981055745e-07,2.551408698105574e-07
303.8757518647484,45669.88356977157,0.000828018016323687,0.00014200531816536816,2500000.0,1004.5,304.4362249664406,0.0006028199240637537,0.00036720341042530147,-0.560473101692196,0.00022519809225993333,-0.0002251980922599333
267.80913106826887,49605.253896230526,2.1344261630598667e-05,0.000148026912673951,2500000.0,1004.5,267.73407186635916,5.150304895792885e-05,0.00011786812534662082,0.07505920190970983,-3.015878732733018e-05,3.015878732733018e-05
309.3711450161426,13177.390664583365,0.0011900718359626075,0.00015430384691835676,2500000.0,1004.5,308.98711354048714,0.0013443756828809643,0.0,0.3840314756554335,-0.0001543038469183568,0.00015430384691835676
242.74192423379412,38022.38644979633,4.1848285432644586e-07,0.00016084694832653552,2500000.0,1004.5,242.7229954952776,8.024049990269622e-06,0.00015324138119059233,0.01892873851653576,-7.605567135943177e-06,7.605567135943181e-06
253.51269797172944,11111.825454638853,1.8101705014789773e-06,0.0001676675034527701,2500000.0,1004.5,253.33683858630323,7.24704715657278e-05,9.700720238852128e-05,0.17585938542620738,-7.066030106424881e-05,7.066030106424881e-05
254.90757995441066,14030.870150426432,4.5546686325375486e-05,0.00017477727744646845,2500000.0,1004.5,254.86004007975419,6.464820796234905e-05,0.00015567575580949488,0.04753987465647924,-1.9101521636973565e-05,1.910152163697357e-05
290.2263573785777,9201.600009203086,0.0007393122185445119,0.0001821885343465165,2500000.0,1004.5,289.77292648174716,0.0009215007528910284,0.0,0.4534308968305254,-0.00018218853434651648,0.0001821885343465165
270.09619223047594,56142.18094847672,7.715672018632348e-05,0.00018991405823619355,2500000.0,1004.5,270.1537044310024,5.40483180147947e-05,0.00021302246040772233,-0.05751220052644612,2.3108402171528776e-05,-2.3108402171528782e-05
300.3683174010598,14155.975452261673,0.0014745710981764343,0.00019796717529513367,2500000.0,1004.5,300.08057305970163,0.0015901867745341468,8.23514989374211e-05,0.2877443413581773,-0.00011561567635771258,0.00011561567635771258
302.53335008582036,87193.64790612417,0.0003172374967181428,0.00020636177678638566,2500000.0,1004.5,302.5956891942097,0.0002921896429673106,0.00023140963053721784,-0.06233910838932388,2.5047853750832176e-05,-2.5047853750832176e-05
208.72451345523703,92259.87269254497,5.7423388772865295e-08,0.00021511234301821672,2500000.0,1004.5,208.7244782539084,7.156728262519433e-08,0.0002150981991243644,3.520132864309744e-05,-1.4143893852329034e-08,1.4143893852322119e-08
281.1102211717305,75479.30195339322,0.00011650332396578641,0.00022423396832198497,2500000.0,1004.5,281.18090386465366,8.810301794924245e-05,0.00025263427433852895,-0.07068269292318519,2.840030601654396e-05,-2.8400306016543986e-05
205.23455154833778,32203.873629111305,1.2000121867675792e-07,0.00023374238708918126,2500000.0,1004.5,205.2345389244099,1.2507351290514004e-07,0.00023373731479495288,1.262392788703437e-05,-5.0722942283821204e-09,5.072294228381088e-09
310.5077613346658,45187.646337978986,0.0006392821957510798,0.00024365400091254662,2500000.0,1004.5,309.9038589935637,0.0008819301564059186,1.0060402577078222e-06,0.6039023411021276,-0.0002426479606548388,0.0002426479606548388
294.12190221211443,51802.63529730861,0.00021206282233806183,0.00025398590687807294,2500000.0,1004.5,293.90791053668835,0.00029804467752425666,0.0001680040516918781,0.21399167542608666,-8.598185518619484e-05,8.598185518619484e-05
204.04781543718087,81005.42186173916,4.6527003442305313e-08,0.0002647559270567075,2500000.0,1004.5,204.04782649342263,4.208460549787496e-08,0.0002647603694546519,-1.1056241760343255e-05,4.442397944430353e-09,-4.442397944404326e-09
217.1633071759706,49610.91416970945,2.646075332935347e-07,0.000275982639246618,2500000.0,1004.5,217.1629661543024,4.0163003957156985e-07,0.00027584561674034,0.000341021668191388,-1.3702250627803515e-07,1.3702250627802568e-07
313.3752561938705,69281.64078191335,0.00038096338364543406,0.0002876854090190597,2500000.0,1004.5,312.6592646333452,0.0006686487926644937,0.0,0.7159915605253104,-0.00028768540901905965,0.0002876854090190597
237.613725562966,84087.77104770378,8.636853966261619e-07,0.0002998844231231037,2500000.0,1004.5,237.6103755132298,2.2097353806418526e-06,0.00029853837313908804,0.003350049736212668,-1.3460499840156908e-06,1.3460499840156756e-06
221.32328410503146,75058.3955035433,7.369472743073558e-08,0.00031260072430687035,2500000.0,1004.5,221.32238452587205,4.351456336783827e-07,0.0003122392734006227,0.0008995791594088587,-3.6145090624764713e-07,3.614509062476617e-07
215.91277573541407,18347.006059222625,9.611770153703719e-07,0.00032585624761532296,2500000.0,1004.5,215.91285139618722,9.307765167215264e-07,0.0003258866481139718,-7.566077314891118e-05,3.0400498648845516e-08,-3.040049864882349e-08
294.11667680283296,46066.23736249742,0.00022123957283727428,0.00033967385822722163,2500000.0,1004.5,293.8333731696253,0.00033507097266011573,0.00022584245840438018,0.28330363320765173,-0.00011383139982284145,0.00011383139982284145
245.95475976766792,60673.256760957964,1.6949344430456908e-06,0.00035407739089652696,2500000.0,1004.5,245.9420969169181,6.78286787431881e-06,0.00034898945746525384,0.012662850749819654,-5.087933431273119e-06,5.087933431273113e-06
306.6642868358409,52745.57715576744,3.573635205567045e-05,0.0003690916910662782,2500000.0,1004.5,305.7456912881399,0.00040482804312194865,0.0,0.9185955477010452,-0.0003690916910662782,0.0003690916910662782
213.4480232374999,58726.11577554354,5.335717859003971e-09,0.00038474265772585136,2500000.0,1004.5,213.44750735976626,2.12615391234244e-07,0.00038453537805247613,0.000515877733647585,-2.0727967337524e-07,2.0727967337523133e-07
258.82821462610366,38230.4580916714,4.8586559927801314e-05,0.0004010572880855496,2500000.0,1004.5,258.8672557625245,3.289983131389968e-05,0.0004167440166994512,-0.03904113642084894,1.5686728613901633e-05,-1.5686728613901633e-05
297.4694190606668,16345.396617316977,0.0016033052886349453,0.0004180637241455762,2500000.0,1004.5,298.5752416114033,0.0011589857877490057,0.0008623832250315158,-1.1058225507365478,0.0004443195008859396,-0.00044431950088593954
215.89975572054988,99424.54077775728,1.2361290200117242e-07,0.00043579130123970385,2500000.0,1004.5,215.89963659010664,1.7147951409136426e-07,0.0004357434346276137,0.00011913044323819122,-4.786661209019184e-08,4.786661209017556e-08
250.61987145041942,7010.701875129018,1.5196930087254247e-05,0.0004542705986374043,2500000.0,1004.5,250.43540342162962,8.931618405499799e-05,0.00038015134466966056,0.1844680287898086,-7.411925396774374e-05,7.411925396774374e-05
233.5724501032958,22043.012305794404,6.117493714592061e-06,0.0004735334922917121,2500000.0,1004.5,233.5737117377057,5.610569008696754e-06,0.0004740404169976074,-0.0012616344099001253,5.069247058953065e-07,-5.069247058952955e-07
228.76034942500544,75551.5364844796,3.657853453563258e-07,0.0004936132098237927,2500000.0,1004.5,228.75879974593985,9.884463939056703e-07,0.0004929905487752434,0.001549679065590226,-6.226610485493444e-07,6.226610485493772e-07
253.5250958473248,7665.692645827118,2.7793362627475224e-05,0.0005145443878390925,2500000.0,1004.5,253.3325278531984,0.00010516718266745887,0.0004371705677991088,0.19256799412639225,-7.737382003998364e-05,7.737382003998366e-05
312.4886951848361,54880.74494315281,0.0005530037732688011,0.0005363631316739246,2500000.0,1004.5,311.85410117039476,0.0008079836482713395,0.00028138325667138625,0.6345940144413476,-0.0002549798750025383,0.0002549798750025383
207.86054273867697,91898.19836056749,6.792798861591166e-08,0.0005591070776755305,2500000.0,1004.5,207.86055342297,6.363503967278273e-08,0.0005591113706244737,-1.0684293044960214e-05,4.292948943128935e-09,-4.292948943161387e-09
251.32101901096124,74182.187472175,8.266907352160229e-06,0.0005828154581230839,2500000.0,1004.5,251.31925455283047,8.97586662910209e-06,0.0005821064988461421,0.0017644581307649787,-7.089592769418612e-07,7.08959276941824e-07
193.66021497305826,74270.5839804004,8.411068586858827e-09,0.0006075291689016078,2500000.0,1004.5,193.6601964668011,1.5846882710928333e-08,0.0006075217330874837,1.850625716315335e-05,-7.4358141240695065e-09,7.435814124048638e-09
271.32721849870444,6144.222873518009,0.0005591687573127927,0.0006332908400455128,2500000.0,1004.5,271.37127346566535,0.0005414674715879004,0.0006509921257704051,-0.044054966960914044,1.770128572489238e-05,-1.770128572489238e-05
233.83243945505666,25038.17255565314,6.773178120933283e-06,0.0006601449092734883,2500000.0,1004.5,233.83667152037788,5.0727342748634935e-06,0.0006618453531195581,-0.00423206532121867,1.7004438460697895e-06,-1.7004438460698022e-06
307.22018850255705,44493.33845954261,0.0009384300924401096,0.000688137698641567,2500000.0,1004.5,307.6957748237967,0.0007473395085660244,0.0008792282825156522,-0.47558632123963207,0.00019109058387408514,-0.00019109058387408514
238.43187142088655,16201.153517690851,1.0339292266595566e-05,0.0007173174944465628,2500000.0,1004.5,238.4266619779482,1.243244643921897e-05,0.0007152243402739393,0.005209442938337361,-2.0931541726234035e-06,2.0931541726234475e-06
256.98254697778856,11105.384288046389,7.165370368961159e-05,0.000747734630517758,2500000.0,1004.5,256.918849339144,9.72474148969972e-05,0.0007221409193103724,0.06369763864455535,-2.559371120738561e-05,2.5593711207385597e-05
275.9162851394084,30223.88120143387,0.00012886129835871322,0.0007794415750404951,2500000.0,1004.5,275.85536890800944,0.00015333744013481135,0.000754965433264397,0.06091623139894864,-2.4476141776098132e-05,2.4476141776098078e-05
241.81664913936442,20171.42534685666,7.727940922439368e-06,0.0008124930210614064,2500000.0,1004.5,241.80140300611552,1.3853837261848649e-05,0.000806367124721997,0.015246133248894012,-6.125896339409281e-06,6.125896339409325e-06
244.98679447989687,47579.173691815085,6.580762353873377e-06,0.0008469459808314576,2500000.0,1004.5,244.98348400541,7.91091100270296e-06,0.000845615832182628,0.003310474486880821,-1.330148648829582e-06,1.3301486488295896e-06
273.5050762511613,86785.13597732803,5.849245576653198e-05,0.000882859884149515,2500000.0,1004.5,273.5388724273859,4.4913152159492e-05,0.0008964391877565551,-0.033796176224598184,1.357930360703998e-05,-1.3579303607040008e-05
206.8458692433141,73646.18720468374,3.15795151929121e-08,0.0009202966808760429,2500000.0,1004.5,206.84577668081167,6.877112866747496e-08,0.0009202594892625683,9.256250243083741e-05,-3.719161347456286e-08,3.7191613474585154e-08
273.3956883064579,67788.89762810891,8.895881322642629e-06,0.0009593209477938271,2500000.0,1004.5,273.27585192139196,5.704614084213229e-05,0.0009111706882743375,0.11983638506592342,-4.8150259519489664e-05,4.8150259519489616e-05
203.7724338139269,34819.33322771311,1.1624706744220397e-07,0.001,2500000.0,1004.5,203.77248857807248,9.424283374765354e-08,0.0010000220042336945,-5.4764145573926726e-05,2.200423369455042e-08,-2.200423369447084e-08
